Workbook
Name Age: 'AW calculator'!$B$5
Name Age: '[1]AW calculator'!$B$5
Name cohortSize: [2]Parameters!$E$15
Name compliance: [2]Parameters!$E$112:$E$117
Name compliance.PostDiag: [2]Parameters!$E$118:$E$123
Name Disc: 'AW calculator'!$B$3
Name Disc: '[1]AW calculator'!$B$3
Name discCost: [2]Parameters!$E$9
Name discHealth: [2]Parameters!$E$8
Name endAge: [2]Parameters!$E$12
Name Female: 'AW calculator'!$B$4
Name Female: '[1]AW calculator'!$B$4
Name genPopUtility: [2]Parameters!$E$1783:$E$1792
Name iatrogenicHarmUtility: [2]Parameters!$E$1793
Name incidenceStage1: '[2]Intermediate Calcs'!$F$18:$AA$68
Name incidenceStage2: '[2]Intermediate Calcs'!$F$76:$AA$126
Name incidenceStage3: '[2]Intermediate Calcs'!$F$134:$AA$184
Name incidenceStage4: '[2]Intermediate Calcs'!$F$192:$AA$242
Name IncludeCancer: [2]Settings!$F$38:$F$59
Name lifetable: 'AW calculator'!$A$9:$E$109
Name lifetable: '[1]AW calculator'!$A$9:$E$109
Name minAgeBand: [2]Parameters!$E$92:$E$101
Name percFemale: [2]Parameters!$E$14
Name rngPercIatrogenic: '[2]Survival Table'!$F$106:$CO$115
Name socCompliance: [2]Parameters!$E$46:$E$67
Name socSpecificity: [2]Parameters!$E$68:$E$89
Name socTestCosts: [2]Parameters!$E$24:$E$45
Name socTestEligibility: '[2]Intermediate Calcs'!$G$248:$G$269
Name startAge: [2]Parameters!$E$11
Name tblDeaths5y: '[2]Survival Table'!$F$25:$CO$34
Name tblSurvival: '[2]Survival Table'!$F$10:$CO$19
Name testCosts: [2]Parameters!$E$1118:$E$1121
Name testSpecificity: [2]Parameters!$E$90
Name timeHorizon: [2]Parameters!$E$13
Name timeIatrogenicHarm: [2]Parameters!$E$19
Name timeShift3To1: '[2]Time Shift Lookup'!$F$29:$Y$50
Name timeShift4To1: '[2]Time Shift Lookup'!$F$55:$Y$76
Name timeShift4To2: '[2]Time Shift Lookup'!$F$81:$Y$102
Name timeShiftDist: '[2]Time Shift Lookup'!$F$10:$Y$21
Name timeShiftDistMean: '[2]Time Shift Lookup'!$E$10:$E$21
Name util: 'AW calculator'!$E$3
Name util: '[1]AW calculator'!$E$3

Sheet Raw Lung Inc&Surv
A1: stage | B1: Age_band | C1: male_incidenceper100k | E1: male_mean_survival | F1: female_incidenceper100k | G1: female_mean_survival
A2: I | B2: 50-54 | C2: 4.434902 | D2: 0.772 | E2: 26.24 | F2: 4.434902 | G2: 28.64
A3: I | B3: 55-59 | C3: 10.150356 | D3: 0.69 | E3: 21.42 | F3: 10.150356 | G3: 23.38
A4: I | B4: 60-64 | C4: 20.912485 | D4: 0.674 | E4: 17.7 | F4: 20.912485 | G4: 19.41
A5: I | B5: 65-69 | C5: 35.53529 | D5: 0.643 | E5: 13.55 | F5: 35.53529 | G5: 14.89
A6: I | B6: 70-74 | C6: 56.038109 | D6: 0.549 | E6: 10.08 | F6: 56.038109 | G6: 11.06
A7: I | B7: 75-79 | C7: 71.974258 | D7: 0.479 | E7: 9.18 | F7: 71.974258 | G7: 10.17
A8: II | B8: 50-54 | C8: 1.856267 | D8: 0.469 | E8: 18.06 | F8: 1.856267 | G8: 20.43
A9: II | B9: 55-59 | C9: 4.507937 | D9: 0.525 | E9: 14.47 | F9: 4.507937 | G9: 17
A10: II | B10: 60-64 | C10: 9.623693 | D10: 0.484 | E10: 13.07 | F10: 9.623693 | G10: 13.39
A11: II | B11: 65-69 | C11: 15.235883 | D11: 0.39 | E11: 9.01 | F11: 15.235883 | G11: 9.86
A12: II | B12: 70-74 | C12: 23.261631 | D12: 0.312 | E12: 7.18 | F12: 23.261631 | G12: 7.61
A13: II | B13: 75-79 | C13: 30.003927 | D13: 0.27 | E13: 7.25 | F13: 30.003927 | G13: 8.22
... A25: IV | B25: 75-79 | C25: 169.87109 | D25: 0.018 | E25: 4.12 | F25: 169.87109 | G25: 4.46

Sheet Corrected Inc&Surv
A1: stage | B1: Age_band | C1: incidenceper100k | D1: 5-year_net_survival | E1: male_mean_survival | F1: female_mean_survival | G1: pooled_mean_survival
A2: I | B2: 50-54 | C2: 4.434902 | D2: 0.772 | E2: 26.24 | F2: 28.64 | G2: =SUM(E2*(1-0.53) + F2*0.53) -> 27.512
A3: I | B3: 55-59 | C3: 10.150356 | D3: 0.69 | E3: 21.42 | F3: 23.38 | G3: =SUM(E3*(1-0.53) + F3*0.53) -> 22.4588
A4: I | B4: 60-64 | C4: 20.912485 | D4: 0.674 | E4: 17.7 | F4: 19.41 | G4: =SUM(E4*(1-0.53) + F4*0.53) -> 18.6063
A5: I | B5: 65-69 | C5: 35.53529 | D5: 0.643 | E5: 13.55 | F5: 14.89 | G5: =SUM(E5*(1-0.53) + F5*0.53) -> 14.2602
A6: I | B6: 70-74 | C6: 56.038109 | D6: 0.549 | E6: 10.08 | F6: 11.06 | G6: =SUM(E6*(1-0.53) + F6*0.53) -> 10.5994
A7: I | B7: 75-79 | C7: 71.974258 | D7: 0.479 | E7: 9.18 | F7: 10.17 | G7: =SUM(E7*(1-0.53) + F7*0.53) -> 9.7047
A8: II | B8: 50-54 | C8: 1.856267 | D8: 0.469 | E8: 18.06 | F8: 20.43 | G8: =SUM(E8*(1-0.53) + F8*0.53) -> 19.3161
A9: II | B9: 55-59 | C9: 4.507937 | D9: 0.525 | E9: 14.47 | F9: 17 | G9: =SUM(E9*(1-0.53) + F9*0.53) -> 15.8109
A10: II | B10: 60-64 | C10: 9.623693 | D10: 0.484 | E10: 13.07 | F10: 13.39 | G10: =SUM(E10*(1-0.53) + F10*0.53) -> 13.2396
A11: II | B11: 65-69 | C11: 15.235883 | D11: 0.39 | E11: 9.01 | F11: 9.86 | G11: =SUM(E11*(1-0.53) + F11*0.53) -> 9.4605
A12: II | B12: 70-74 | C12: 23.261631 | D12: 0.312 | E12: 7.18 | F12: 7.61 | G12: =SUM(E12*(1-0.53) + F12*0.53) -> 7.4079
A13: II | B13: 75-79 | C13: 30.003927 | D13: 0.27 | E13: =E12 -> 7.18 | F13: =F12 -> 7.61 | G13: =SUM(E13*(1-0.53) + F13*0.53) -> 7.4079
A14: III | B14: 50-54 | C14: 6.715834 | D14: 0.235 | E14: 10.05 | F14: 10.83 | G14: =SUM(E14*(1-0.53) + F14*0.53) -> 10.4634
A15: III | B15: 55-59 | C15: 14.493369 | D15: 0.18 | E15: 7.57 | F15: 8.29 | G15: =SUM(E15*(1-0.53) + F15*0.53) -> 7.9516
A16: III | B16: 60-64 | C16: 26.96892 | D16: 0.175 | E16: 6.48 | F16: 6.97 | G16: =SUM(E16*(1-0.53) + F16*0.53) -> 6.7397
A17: III | B17: 65-69 | C17: 41.374767 | D17: 0.138 | E17: 4.51 | F17: 4.63 | G17: =SUM(E17*(1-0.53) + F17*0.53) -> 4.5736
A18: III | B18: 70-74 | C18: 58.420326 | D18: 0.112 | E18: 3.46 | F18: 3.7 | G18: =SUM(E18*(1-0.53) + F18*0.53) -> 3.5872
A19: III | B19: 75-79 | C19: 73.279182 | D19: 0.096 | E19: =E18 -> 3.46 | F19: =F18 -> 3.7 | G19: =SUM(E19*(1-0.53) + F19*0.53) -> 3.5872
A20: IV | B20: 50-54 | C20: 17.516331 | D20: 0.055 | E20: 3.06 | F20: 2.87 | G20: =SUM(E20*(1-0.53) + F20*0.53) -> 2.9593
A21: IV | B21: 55-59 | C21: 35.513752 | D21: 0.045 | E21: 2.2 | F21: 2.34 | G21: =SUM(E21*(1-0.53) + F21*0.53) -> 2.2742
A22: IV | B22: 60-64 | C22: 65.085518 | D22: 0.035 | E22: 1.83 | F22: 1.94 | G22: =SUM(E22*(1-0.53) + F22*0.53) -> 1.8883
A23: IV | B23: 65-69 | C23: 99.622284 | D23: 0.027 | E23: 1.39 | F23: 1.51 | G23: =SUM(E23*(1-0.53) + F23*0.53) -> 1.4536
A24: IV | B24: 70-74 | C24: 138.44875 | D24: 0.023 | E24: 1.14 | F24: 1.28 | G24: =SUM(E24*(1-0.53) + F24*0.53) -> 1.2142
A25: IV | B25: 75-79 | C25: 169.87109 | D25: 0.018 | E25: =E24 -> 1.14 | F25: =F24 -> 1.28 | G25: =SUM(E25*(1-0.53) + F25*0.53) -> 1.2142

Sheet AW calculator
A1: NICE DSU Severity calculator - Allan Wailoo, Paul Tappenden. | N1: Calculations | Y1: Output
A2: USER INPUT VALUES | J2: Output | Z2: Males | AA2: Females | AB2: overall
A3: Discount rate | B3: 0.035 | D3: Utility source | E3: 1 | F3: (1= Hernandez 3L, 2 = PT source) | J3: AS | K3: =Z9 -> -0.48098126 | Y3: Life years | Z3: =SUMIF(P9:P109,"<>#N/A") -> 9.0301057 | AA3: =SUMIF(Q9:Q109,"<>#N/A") -> 10.319695 | AB3: =(Z3*(1-Female))+(AA3*Female) -> 9.713588
A4: Proportion female | B4: 0.53 | D4: Comparator QALE | E4: 6.03 | J4: PS | K4: =Z10 -> -0.086678615 | Y4: 1/2 cycle adjusted | Z4: =SUMIF(R9:R109,"<>#N/A") -> 8.5241602 | AA4: =SUMIF(S9:S109,"<>#N/A") -> 9.8069132 | AB4: =(Z4*(1-Female))+(AA4*Female) -> 9.2040193
A5: Starting age | B5: 80 | Y5: QALYs | Z5: =SUMIF(T9:T109,"<>#N/A") -> 6.4574922 | AA5: =SUMIF(U9:U109,"<>#N/A") -> 6.7805385 | AB5: =(Z5*(1-Female))+(AA5*Female) -> 6.6287067
A6: National Life Tables, England, period expectation of life, based on data for the years 2017-2019 | J6: Age-specific utility (from paper) | Y6: Disc QALYs | Z6: =SUMIF(V9:V109,"<>#N/A") -> 5.4506503 | AA6: =SUMIF(W9:W109,"<>#N/A") -> 5.6362511 | AB6: =(Z6*(1-Female))+(AA6*Female) -> 5.5490187
B7: male | C7: female | D7: Active utility | F7: male | G7: female | H7: PT | P7: Proportion alive at the beginning of the period | R7: 1/2 cycle adjust | T7: utilities | V7: discounted | Y7: check | Z7: =SUM(P9:P47) -> #N/A | AA7: =SUM(Q9:Q47) -> #N/A | AB7: =Z7*(1-Female)+AA7*Female -> #N/A
A8: age | B8: qx | C8: qx | D8: Male | E8: female | F8: utility_m4 | G8: utility_f4 | H8: Male | I8: Female | J8: Age cat | K8: Cat low bound | L8: Males | M8: Females | N8: Year | O8: Age | P8: Alive males | Q8: Alive females | R8: males | S8: females | T8: males | U8: females | V8: males | W8: females
A9: 0 | B9: 0.004312 | C9: 0.003576 | D9: =IF(util=1,F9,IF(util=2,H9,"err")) -> 0.94464086 | E9: =IF(util=1,G9,IF(util=2,I9,"err")) -> 0.91032568 | F9: 0.94464086 | G9: 0.91032568 | H9: =VLOOKUP($A9,$K$9:$M$26,2) -> 0.916 | I9: =VLOOKUP($A9,$K$9:$M$26,3) -> 0.881 | J9: 0-15 | K9: 0 | L9: =L10 -> 0.916 | M9: =M10 -> 0.881 | N9: 0 | O9: =Age+N9 -> 80 | P9: 1 | Q9: 1 | R9: =(P9+P10)/2 -> 0.973554 | S9: =(Q9+Q10)/2 -> 0.981175 | T9: =R9*VLOOKUP(O9,lifetable,4,FALSE) -> 0.75894717 | U9: =S9*VLOOKUP(O9,lifetable,5,FALSE) -> 0.71476395 | V9: =T9/(1+Disc)^N9 -> 0.75894717 | W9: =U9/(1+Disc)^N9 -> 0.71476395 | Y9: AS | Z9: =AB6-E4 -> -0.48098126
A10: 1 | B10: 0.000242 | C10: 0.000213 | D10: =IF(util=1,F10,IF(util=2,H10,"err")) -> 0.94464086 | E10: =IF(util=1,G10,IF(util=2,I10,"err")) -> 0.91032568 | F10: 0.94464086 | G10: 0.91032568 | H10: =VLOOKUP($A10,$K$9:$M$26,2) -> 0.916 | I10: =VLOOKUP($A10,$K$9:$M$26,3) -> 0.881 | J10: 16-17 | K10: 16 | L10: 0.916 | M10: 0.881 | N10: 1 | O10: =Age+N10 -> 81 | P10: =P9-P9*VLOOKUP(O9,lifetable,2,FALSE) -> 0.947108 | Q10: =Q9-Q9*VLOOKUP(O9,lifetable,3,FALSE) -> 0.96235 | R10: =(P10+P11)/2 -> 0.91922467 | S10: =(Q10+Q11)/2 -> 0.94196791 | T10: =R10*VLOOKUP(O10,lifetable,4,FALSE) -> 0.71291686 | U10: =S10*VLOOKUP(O10,lifetable,5,FALSE) -> 0.68071508 | V10: =T10/(1+Disc)^N10 -> 0.68880856 | W10: =U10/(1+Disc)^N10 -> 0.65769573 | Y10: PS | Z10: =Z9/AB6 -> -0.086678615
A11: 2 | B11: 0.000132 | C11: 0.000125 | D11: =IF(util=1,F11,IF(util=2,H11,"err")) -> 0.94464086 | E11: =IF(util=1,G11,IF(util=2,I11,"err")) -> 0.91032568 | F11: 0.94464086 | G11: 0.91032568 | H11: =VLOOKUP($A11,$K$9:$M$26,2) -> 0.916 | I11: =VLOOKUP($A11,$K$9:$M$26,3) -> 0.881 | J11: 18-19 | K11: 18 | L11: 0.933 | M11: 0.864 | N11: 2 | O11: =Age+N11 -> 82 | P11: =P10-P10*VLOOKUP(O10,lifetable,2,FALSE) -> 0.89134133 | Q11: =Q10-Q10*VLOOKUP(O10,lifetable,3,FALSE) -> 0.92158582 | R11: =(P11+P12)/2 -> 0.8623255 | S11: =(Q11+Q12)/2 -> 0.89952121 | T11: =R11*VLOOKUP(O11,lifetable,4,FALSE) -> 0.66530723 | U11: =S11*VLOOKUP(O11,lifetable,5,FALSE) -> 0.64470683 | V11: =T11/(1+Disc)^N11 -> 0.62107142 | W11: =U11/(1+Disc)^N11 -> 0.60184072
A12: 3 | B12: 0.000102 | C12: 9.8e-05 | D12: =IF(util=1,F12,IF(util=2,H12,"err")) -> 0.94464086 | E12: =IF(util=1,G12,IF(util=2,I12,"err")) -> 0.91032568 | F12: 0.94464086 | G12: 0.91032568 | H12: =VLOOKUP($A12,$K$9:$M$26,2) -> 0.916 | I12: =VLOOKUP($A12,$K$9:$M$26,3) -> 0.881 | J12: 20-24 | K12: 20 | L12: 0.895 | M12: 0.866 | N12: 3 | O12: =Age+N12 -> 83 | P12: =P11-P11*VLOOKUP(O11,lifetable,2,FALSE) -> 0.83330966 | Q12: =Q11-Q11*VLOOKUP(O11,lifetable,3,FALSE) -> 0.8774566 | R12: =(P12+P13)/2 -> 0.80271262 | S12: =(Q12+Q13)/2 -> 0.85321686 | T12: =R12*VLOOKUP(O12,lifetable,4,FALSE) -> 0.61604618 | U12: =S12*VLOOKUP(O12,lifetable,5,FALSE) -> 0.60637058 | V12: =T12/(1+Disc)^N12 -> 0.55563836 | W12: =U12/(1+Disc)^N12 -> 0.54691153
A13: 4 | B13: 9.4e-05 | C13: 6.4e-05 | D13: =IF(util=1,F13,IF(util=2,H13,"err")) -> 0.94464086 | E13: =IF(util=1,G13,IF(util=2,I13,"err")) -> 0.91032568 | F13: 0.94464086 | G13: 0.91032568 | H13: =VLOOKUP($A13,$K$9:$M$26,2) -> 0.916 | I13: =VLOOKUP($A13,$K$9:$M$26,3) -> 0.881 | J13: 25-29 | K13: 25 | L13: 0.895 | M13: 0.873 | N13: 4 | O13: =Age+N13 -> 84 | P13: =P12-P12*VLOOKUP(O12,lifetable,2,FALSE) -> 0.77211557 | Q13: =Q12-Q12*VLOOKUP(O12,lifetable,3,FALSE) -> 0.82897712 | R13: =(P13+P14)/2 -> 0.73989094 | S13: =(Q13+Q14)/2 -> 0.80306993 | T13: =R13*VLOOKUP(O13,lifetable,4,FALSE) -> 0.56479616 | U13: =S13*VLOOKUP(O13,lifetable,5,FALSE) -> 0.56580125 | V13: =T13/(1+Disc)^N13 -> 0.49218723 | W13: =U13/(1+Disc)^N13 -> 0.4930631
A14: 5 | B14: 8.9e-05 | C14: 8.5e-05 | D14: =IF(util=1,F14,IF(util=2,H14,"err")) -> 0.94464086 | E14: =IF(util=1,G14,IF(util=2,I14,"err")) -> 0.91032568 | F14: 0.94464086 | G14: 0.91032568 | H14: =VLOOKUP($A14,$K$9:$M$26,2) -> 0.916 | I14: =VLOOKUP($A14,$K$9:$M$26,3) -> 0.881 | J14: 30-34 | K14: 30 | L14: 0.916 | M14: 0.87 | N14: 5 | O14: =Age+N14 -> 85 | P14: =P13-P13*VLOOKUP(O13,lifetable,2,FALSE) -> 0.70766631 | Q14: =Q13-Q13*VLOOKUP(O13,lifetable,3,FALSE) -> 0.77716274 | R14: =(P14+P15)/2 -> 0.67468411 | S14: =(Q14+Q15)/2 -> 0.7494157 | T14: =R14*VLOOKUP(O14,lifetable,4,FALSE) -> 0.51222931 | U14: =S14*VLOOKUP(O14,lifetable,5,FALSE) -> 0.52331962 | V14: =T14/(1+Disc)^N14 -> 0.43128333 | W14: =U14/(1+Disc)^N14 -> 0.44062108
A15: 6 | B15: 8.3e-05 | C15: 7.9e-05 | D15: =IF(util=1,F15,IF(util=2,H15,"err")) -> 0.94464086 | E15: =IF(util=1,G15,IF(util=2,I15,"err")) -> 0.91032568 | F15: 0.94464086 | G15: 0.91032568 | H15: =VLOOKUP($A15,$K$9:$M$26,2) -> 0.916 | I15: =VLOOKUP($A15,$K$9:$M$26,3) -> 0.881 | J15: 35-39 | K15: 35 | L15: 0.862 | M15: 0.857 | N15: 6 | O15: =Age+N15 -> 86 | P15: =P14-P14*VLOOKUP(O14,lifetable,2,FALSE) -> 0.6417019 | Q15: =Q14-Q14*VLOOKUP(O14,lifetable,3,FALSE) -> 0.72166866 | R15: =(P15+P16)/2 -> 0.60792079 | S15: =(Q15+Q16)/2 -> 0.69222277 | T15: =R15*VLOOKUP(O15,lifetable,4,FALSE) -> 0.45900812 | U15: =S15*VLOOKUP(O15,lifetable,5,FALSE) -> 0.47898684 | V15: =T15/(1+Disc)^N15 -> 0.3734034 | W15: =U15/(1+Disc)^N15 -> 0.3896561
A16: 7 | B16: 7.3e-05 | C16: 6.1e-05 | D16: =IF(util=1,F16,IF(util=2,H16,"err")) -> 0.94464086 | E16: =IF(util=1,G16,IF(util=2,I16,"err")) -> 0.91032568 | F16: 0.94464086 | G16: 0.91032568 | H16: =VLOOKUP($A16,$K$9:$M$26,2) -> 0.916 | I16: =VLOOKUP($A16,$K$9:$M$26,3) -> 0.881 | J16: 40-44 | K16: 40 | L16: 0.87 | M16: 0.85 | N16: 7 | O16: =Age+N16 -> 87 | P16: =P15-P15*VLOOKUP(O15,lifetable,2,FALSE) -> 0.57413968 | Q16: =Q15-Q15*VLOOKUP(O15,lifetable,3,FALSE) -> 0.66277688 | R16: =(P16+P17)/2 -> 0.5404595 | S16: =(Q16+Q17)/2 -> 0.63228385 | T16: =R16*VLOOKUP(O16,lifetable,4,FALSE) -> 0.40580367 | U16: =S16*VLOOKUP(O16,lifetable,5,FALSE) -> 0.43343209 | V16: =T16/(1+Disc)^N16 -> 0.31895802 | W16: =U16/(1+Disc)^N16 -> 0.3406737
A17: 8 | B17: 6.4e-05 | C17: 6.4e-05 | D17: =IF(util=1,F17,IF(util=2,H17,"err")) -> 0.94464086 | E17: =IF(util=1,G17,IF(util=2,I17,"err")) -> 0.91032568 | F17: 0.94464086 | G17: 0.91032568 | H17: =VLOOKUP($A17,$K$9:$M$26,2) -> 0.916 | I17: =VLOOKUP($A17,$K$9:$M$26,3) -> 0.881 | J17: 45-49 | K17: 45 | L17: 0.824 | M17: 0.815 | N17: 8 | O17: =Age+N17 -> 88 | P17: =P16-P16*VLOOKUP(O16,lifetable,2,FALSE) -> 0.50677931 | Q17: =Q16-Q16*VLOOKUP(O16,lifetable,3,FALSE) -> 0.60179081 | R17: =(P17+P18)/2 -> 0.4733899 | S17: =(Q17+Q18)/2 -> 0.57016851 | T17: =R17*VLOOKUP(O17,lifetable,4,FALSE) -> 0.35344501 | U17: =S17*VLOOKUP(O17,lifetable,5,FALSE) -> 0.38711452 | V17: =T17/(1+Disc)^N17 -> 0.26841022 | W17: =U17/(1+Disc)^N17 -> 0.29397924
A18: 9 | B18: 6.2e-05 | C18: 5.6e-05 | D18: =IF(util=1,F18,IF(util=2,H18,"err")) -> 0.94464086 | E18: =IF(util=1,G18,IF(util=2,I18,"err")) -> 0.91032568 | F18: 0.94464086 | G18: 0.91032568 | H18: =VLOOKUP($A18,$K$9:$M$26,2) -> 0.916 | I18: =VLOOKUP($A18,$K$9:$M$26,3) -> 0.881 | J18: 50-54 | K18: 50 | L18: 0.837 | M18: 0.805 | N18: 9 | O18: =Age+N18 -> 89 | P18: =P17-P17*VLOOKUP(O17,lifetable,2,FALSE) -> 0.4400005 | Q18: =Q17-Q17*VLOOKUP(O17,lifetable,3,FALSE) -> 0.5385462 | R18: =(P18+P19)/2 -> 0.4074024 | S18: =(Q18+Q19)/2 -> 0.50699251 | T18: =R18*VLOOKUP(O18,lifetable,4,FALSE) -> 0.30244591 | U18: =S18*VLOOKUP(O18,lifetable,5,FALSE) -> 0.34084694 | V18: =T18/(1+Disc)^N18 -> 0.22191393 | W18: =U18/(1+Disc)^N18 -> 0.25008996
A19: 10 | B19: 7.2e-05 | C19: 6.4e-05 | D19: =IF(util=1,F19,IF(util=2,H19,"err")) -> 0.94464086 | E19: =IF(util=1,G19,IF(util=2,I19,"err")) -> 0.91032568 | F19: 0.94464086 | G19: 0.91032568 | H19: =VLOOKUP($A19,$K$9:$M$26,2) -> 0.916 | I19: =VLOOKUP($A19,$K$9:$M$26,3) -> 0.881 | J19: 55-59 | K19: 55 | L19: 0.817 | M19: 0.802 | N19: 10 | O19: =Age+N19 -> 90 | P19: =P18-P18*VLOOKUP(O18,lifetable,2,FALSE) -> 0.3748043 | Q19: =Q18-Q18*VLOOKUP(O18,lifetable,3,FALSE) -> 0.47543882 | R19: =(P19+P20)/2 -> 0.34523449 | S19: =(Q19+Q20)/2 -> 0.44414972 | T19: =R19*VLOOKUP(O19,lifetable,4,FALSE) -> 0.25481885 | U19: =S19*VLOOKUP(O19,lifetable,5,FALSE) -> 0.2955982 | V19: =T19/(1+Disc)^N19 -> 0.18064588 | W19: =U19/(1+Disc)^N19 -> 0.20955512
A20: 11 | B20: 8.1e-05 | C20: 6.2e-05 | D20: =IF(util=1,F20,IF(util=2,H20,"err")) -> 0.94464086 | E20: =IF(util=1,G20,IF(util=2,I20,"err")) -> 0.91032568 | F20: 0.94464086 | G20: 0.91032568 | H20: =VLOOKUP($A20,$K$9:$M$26,2) -> 0.916 | I20: =VLOOKUP($A20,$K$9:$M$26,3) -> 0.881 | J20: 60-64 | K20: 60 | L20: 0.809 | M20: 0.784 | N20: 11 | O20: =Age+N20 -> 91 | P20: =P19-P19*VLOOKUP(O19,lifetable,2,FALSE) -> 0.31566468 | Q20: =Q19-Q19*VLOOKUP(O19,lifetable,3,FALSE) -> 0.41286061 | R20: =(P20+P21)/2 -> 0.28774525 | S20: =(Q20+Q21)/2 -> 0.38232338 | T20: =R20*VLOOKUP(O20,lifetable,4,FALSE) -> 0.21115023 | U20: =S20*VLOOKUP(O20,lifetable,5,FALSE) -> 0.25183122 | V20: =T20/(1+Disc)^N20 -> 0.14462644 | W20: =U20/(1+Disc)^N20 -> 0.17249072
A21: 12 | B21: 0.000105 | C21: 5.7e-05 | D21: =IF(util=1,F21,IF(util=2,H21,"err")) -> 0.94464086 | E21: =IF(util=1,G21,IF(util=2,I21,"err")) -> 0.91032568 | F21: 0.94464086 | G21: 0.91032568 | H21: =VLOOKUP($A21,$K$9:$M$26,2) -> 0.916 | I21: =VLOOKUP($A21,$K$9:$M$26,3) -> 0.881 | J21: 65-69 | K21: 65 | L21: 0.798 | M21: 0.782 | N21: 12 | O21: =Age+N21 -> 92 | P21: =P20-P20*VLOOKUP(O20,lifetable,2,FALSE) -> 0.25982581 | Q21: =Q20-Q20*VLOOKUP(O20,lifetable,3,FALSE) -> 0.35178614 | R21: =(P21+P22)/2 -> 0.23458373 | S21: =(Q21+Q22)/2 -> 0.3227323 | T21: =R21*VLOOKUP(O21,lifetable,4,FALSE) -> 0.17112795 | U21: =S21*VLOOKUP(O21,lifetable,5,FALSE) -> 0.21033832 | V21: =T21/(1+Disc)^N21 -> 0.11324962 | W21: =U21/(1+Disc)^N21 -> 0.13919839
A22: 13 | B22: 0.000125 | C22: 7.9e-05 | D22: =IF(util=1,F22,IF(util=2,H22,"err")) -> 0.94464086 | E22: =IF(util=1,G22,IF(util=2,I22,"err")) -> 0.91032568 | F22: 0.94464086 | G22: 0.91032568 | H22: =VLOOKUP($A22,$K$9:$M$26,2) -> 0.916 | I22: =VLOOKUP($A22,$K$9:$M$26,3) -> 0.881 | J22: 70-74 | K22: 70 | L22: 0.802 | M22: 0.787 | N22: 13 | O22: =Age+N22 -> 93 | P22: =P21-P21*VLOOKUP(O21,lifetable,2,FALSE) -> 0.20934165 | Q22: =Q21-Q21*VLOOKUP(O21,lifetable,3,FALSE) -> 0.29367846 | R22: =(P22+P23)/2 -> 0.18693864 | S22: =(Q22+Q23)/2 -> 0.26685108 | T22: =R22*VLOOKUP(O22,lifetable,4,FALSE) -> 0.13556154 | U22: =S22*VLOOKUP(O22,lifetable,5,FALSE) -> 0.17204126 | V22: =T22/(1+Disc)^N22 -> 0.086678608 | W22: =U22/(1+Disc)^N22 -> 0.1100039
... A26: 17 | B26: 0.000303 | C26: 0.000159 | D26: =IF(util=1,F26,IF(util=2,H26,"err")) -> 0.94333139 | E26: =IF(util=1,G26,IF(util=2,I26,"err")) -> 0.91087276 | F26: 0.94333139 | G26: 0.91087276 | H26: =VLOOKUP($A26,$K$9:$M$26,2) -> 0.916 | I26: =VLOOKUP($A26,$K$9:$M$26,3) -> 0.881 | J26: 90+ | K26: 90 | L26: 0.663 | M26: 0.665 | N26: 17 | O26: =Age+N26 -> 97 | P26: =P25-P25*VLOOKUP(O25,lifetable,2,FALSE) -> 0.065759168 | Q26: =Q25-Q25*VLOOKUP(O25,lifetable,3,FALSE) -> 0.11087082 | R26: =(P26+P27)/2 -> 0.055726358 | S26: =(Q26+Q27)/2 -> 0.096061805 | T26: =R26*VLOOKUP(O26,lifetable,4,FALSE) -> 0.0394389 | U26: =S26*VLOOKUP(O26,lifetable,5,FALSE) -> 0.059152745 | V26: =T26/(1+Disc)^N26 -> 0.021975504 | W26: =U26/(1+Disc)^N26 -> 0.032960133
A27: 18 | B27: 0.000387 | C27: 0.000211 | D27: =IF(util=1,F27,IF(util=2,H27,"err")) -> 0.94198997 | E27: =IF(util=1,G27,IF(util=2,I27,"err")) -> 0.911239 | F27: 0.94198997 | G27: 0.911239 | H27: =VLOOKUP($A27,$K$9:$M$26,2) -> 0.933 | I27: =VLOOKUP($A27,$K$9:$M$26,3) -> 0.864 | N27: 18 | O27: =Age+N27 -> 98 | P27: =P26-P26*VLOOKUP(O26,lifetable,2,FALSE) -> 0.045693547 | Q27: =Q26-Q26*VLOOKUP(O26,lifetable,3,FALSE) -> 0.081252789 | R27: =(P27+P28)/2 -> 0.038236338 | S27: =(Q27+Q28)/2 -> 0.069333452 | T27: =R27*VLOOKUP(O27,lifetable,4,FALSE) -> 0.026893427 | U27: =S27*VLOOKUP(O27,lifetable,5,FALSE) -> 0.042180875 | V27: =T27/(1+Disc)^N27 -> 0.014478376 | W27: =U27/(1+Disc)^N27 -> 0.022708544
A28: 19 | B28: 0.000415 | C28: 0.000194 | D28: =IF(util=1,F28,IF(util=2,H28,"err")) -> 0.94061612 | E28: =IF(util=1,G28,IF(util=2,I28,"err")) -> 0.9114333 | F28: 0.94061612 | G28: 0.9114333 | H28: =VLOOKUP($A28,$K$9:$M$26,2) -> 0.933 | I28: =VLOOKUP($A28,$K$9:$M$26,3) -> 0.864 | N28: 19 | O28: =Age+N28 -> 99 | P28: =P27-P27*VLOOKUP(O27,lifetable,2,FALSE) -> 0.030779128 | Q28: =Q27-Q27*VLOOKUP(O27,lifetable,3,FALSE) -> 0.057414115 | R28: =(P28+P29)/2 -> 0.025105534 | S28: =(Q28+Q29)/2 -> 0.048380635 | T28: =R28*VLOOKUP(O28,lifetable,4,FALSE) -> 0.017548004 | U28: =S28*VLOOKUP(O28,lifetable,5,FALSE) -> 0.029073073 | V28: =T28/(1+Disc)^N28 -> 0.0091276942 | W28: =U28/(1+Disc)^N28 -> 0.015122524
A29: 20 | B29: 0.000503 | C29: 0.000179 | D29: =IF(util=1,F29,IF(util=2,H29,"err")) -> 0.93920935 | E29: =IF(util=1,G29,IF(util=2,I29,"err")) -> 0.91146389 | F29: 0.93920935 | G29: 0.91146389 | H29: =VLOOKUP($A29,$K$9:$M$26,2) -> 0.895 | I29: =VLOOKUP($A29,$K$9:$M$26,3) -> 0.866 | N29: 20 | O29: =Age+N29 -> 100 | P29: =P28-P28*VLOOKUP(O28,lifetable,2,FALSE) -> 0.019431941 | Q29: =Q28-Q28*VLOOKUP(O28,lifetable,3,FALSE) -> 0.039347156 | R29: =(P29+P30)/2 -> 0.015661464 | S29: =(Q29+Q30)/2 -> 0.032455384 | T29: =R29*VLOOKUP(O29,lifetable,4,FALSE) -> 0.010878361 | U29: =S29*VLOOKUP(O29,lifetable,5,FALSE) -> 0.019259913 | V29: =T29/(1+Disc)^N29 -> 0.0054670929 | W29: =U29/(1+Disc)^N29 -> 0.009679375
A30: 21 | B30: 0.000498 | C30: 0.000201 | D30: =IF(util=1,F30,IF(util=2,H30,"err")) -> 0.93776916 | E30: =IF(util=1,G30,IF(util=2,I30,"err")) -> 0.91133843 | F30: 0.93776916 | G30: 0.91133843 | H30: =VLOOKUP($A30,$K$9:$M$26,2) -> 0.895 | I30: =VLOOKUP($A30,$K$9:$M$26,3) -> 0.866 | N30: 21 | O30: =Age+N30 -> 101 | P30: =P29-P29*VLOOKUP(O29,lifetable,2,FALSE) -> 0.011890987 | Q30: =Q29-Q29*VLOOKUP(O29,lifetable,3,FALSE) -> 0.025563611 | R30: =(P30+P31)/2 -> #N/A | S30: =(Q30+Q31)/2 -> #N/A | T30: =R30*VLOOKUP(O30,lifetable,4,FALSE) -> #N/A | U30: =S30*VLOOKUP(O30,lifetable,5,FALSE) -> #N/A | V30: =T30/(1+Disc)^N30 -> #N/A | W30: =U30/(1+Disc)^N30 -> #N/A
A31: 22 | B31: 0.000478 | C31: 0.000215 | D31: =IF(util=1,F31,IF(util=2,H31,"err")) -> 0.93629505 | E31: =IF(util=1,G31,IF(util=2,I31,"err")) -> 0.91106401 | F31: 0.93629505 | G31: 0.91106401 | H31: =VLOOKUP($A31,$K$9:$M$26,2) -> 0.895 | I31: =VLOOKUP($A31,$K$9:$M$26,3) -> 0.866 | N31: 22 | O31: =Age+N31 -> 102 | P31: =P30-P30*VLOOKUP(O30,lifetable,2,FALSE) -> #N/A | Q31: =Q30-Q30*VLOOKUP(O30,lifetable,3,FALSE) -> #N/A | R31: =(P31+P32)/2 -> #N/A | S31: =(Q31+Q32)/2 -> #N/A | T31: =R31*VLOOKUP(O31,lifetable,4,FALSE) -> #N/A | U31: =S31*VLOOKUP(O31,lifetable,5,FALSE) -> #N/A | V31: =T31/(1+Disc)^N31 -> #N/A | W31: =U31/(1+Disc)^N31 -> #N/A
A32: 23 | B32: 0.00047 | C32: 0.0002 | D32: =IF(util=1,F32,IF(util=2,H32,"err")) -> 0.93478653 | E32: =IF(util=1,G32,IF(util=2,I32,"err")) -> 0.91064718 | F32: 0.93478653 | G32: 0.91064718 | H32: =VLOOKUP($A32,$K$9:$M$26,2) -> 0.895 | I32: =VLOOKUP($A32,$K$9:$M$26,3) -> 0.866 | N32: 23 | O32: =Age+N32 -> 103 | P32: =P31-P31*VLOOKUP(O31,lifetable,2,FALSE) -> #N/A | Q32: =Q31-Q31*VLOOKUP(O31,lifetable,3,FALSE) -> #N/A | R32: =(P32+P33)/2 -> #N/A | S32: =(Q32+Q33)/2 -> #N/A | T32: =R32*VLOOKUP(O32,lifetable,4,FALSE) -> #N/A | U32: =S32*VLOOKUP(O32,lifetable,5,FALSE) -> #N/A | V32: =T32/(1+Disc)^N32 -> #N/A | W32: =U32/(1+Disc)^N32 -> #N/A
A33: 24 | B33: 0.000513 | C33: 0.000218 | D33: =IF(util=1,F33,IF(util=2,H33,"err")) -> 0.93324312 | E33: =IF(util=1,G33,IF(util=2,I33,"err")) -> 0.910094 | F33: 0.93324312 | G33: 0.910094 | H33: =VLOOKUP($A33,$K$9:$M$26,2) -> 0.895 | I33: =VLOOKUP($A33,$K$9:$M$26,3) -> 0.866 | N33: 24 | O33: =Age+N33 -> 104 | P33: =P32-P32*VLOOKUP(O32,lifetable,2,FALSE) -> #N/A | Q33: =Q32-Q32*VLOOKUP(O32,lifetable,3,FALSE) -> #N/A | R33: =(P33+P34)/2 -> #N/A | S33: =(Q33+Q34)/2 -> #N/A | T33: =R33*VLOOKUP(O33,lifetable,4,FALSE) -> #N/A | U33: =S33*VLOOKUP(O33,lifetable,5,FALSE) -> #N/A | V33: =T33/(1+Disc)^N33 -> #N/A | W33: =U33/(1+Disc)^N33 -> #N/A
A34: 25 | B34: 0.000538 | C34: 0.000244 | D34: =IF(util=1,F34,IF(util=2,H34,"err")) -> 0.93166431 | E34: =IF(util=1,G34,IF(util=2,I34,"err")) -> 0.90941003 | F34: 0.93166431 | G34: 0.90941003 | H34: =VLOOKUP($A34,$K$9:$M$26,2) -> 0.895 | I34: =VLOOKUP($A34,$K$9:$M$26,3) -> 0.873 | N34: 25 | O34: =Age+N34 -> 105 | P34: =P33-P33*VLOOKUP(O33,lifetable,2,FALSE) -> #N/A | Q34: =Q33-Q33*VLOOKUP(O33,lifetable,3,FALSE) -> #N/A | R34: =(P34+P35)/2 -> #N/A | S34: =(Q34+Q35)/2 -> #N/A | T34: =R34*VLOOKUP(O34,lifetable,4,FALSE) -> #N/A | U34: =S34*VLOOKUP(O34,lifetable,5,FALSE) -> #N/A | V34: =T34/(1+Disc)^N34 -> #N/A | W34: =U34/(1+Disc)^N34 -> #N/A
A35: 26 | B35: 0.000543 | C35: 0.000259 | D35: =IF(util=1,F35,IF(util=2,H35,"err")) -> 0.93004962 | E35: =IF(util=1,G35,IF(util=2,I35,"err")) -> 0.90860044 | F35: 0.93004962 | G35: 0.90860044 | H35: =VLOOKUP($A35,$K$9:$M$26,2) -> 0.895 | I35: =VLOOKUP($A35,$K$9:$M$26,3) -> 0.873 | N35: 26 | O35: =Age+N35 -> 106 | P35: =P34-P34*VLOOKUP(O34,lifetable,2,FALSE) -> #N/A | Q35: =Q34-Q34*VLOOKUP(O34,lifetable,3,FALSE) -> #N/A | R35: =(P35+P36)/2 -> #N/A | S35: =(Q35+Q36)/2 -> #N/A | T35: =R35*VLOOKUP(O35,lifetable,4,FALSE) -> #N/A | U35: =S35*VLOOKUP(O35,lifetable,5,FALSE) -> #N/A | V35: =T35/(1+Disc)^N35 -> #N/A | W35: =U35/(1+Disc)^N35 -> #N/A
A36: 27 | B36: 0.000574 | C36: 0.00027 | D36: =IF(util=1,F36,IF(util=2,H36,"err")) -> 0.92839856 | E36: =IF(util=1,G36,IF(util=2,I36,"err")) -> 0.90766993 | F36: 0.92839856 | G36: 0.90766993 | H36: =VLOOKUP($A36,$K$9:$M$26,2) -> 0.895 | I36: =VLOOKUP($A36,$K$9:$M$26,3) -> 0.873 | N36: 27 | O36: =Age+N36 -> 107 | P36: =P35-P35*VLOOKUP(O35,lifetable,2,FALSE) -> #N/A | Q36: =Q35-Q35*VLOOKUP(O35,lifetable,3,FALSE) -> #N/A | R36: =(P36+P37)/2 -> #N/A | S36: =(Q36+Q37)/2 -> #N/A | T36: =R36*VLOOKUP(O36,lifetable,4,FALSE) -> #N/A | U36: =S36*VLOOKUP(O36,lifetable,5,FALSE) -> #N/A | V36: =T36/(1+Disc)^N36 -> #N/A | W36: =U36/(1+Disc)^N36 -> #N/A
A37: 28 | B37: 0.000629 | C37: 0.000304 | D37: =IF(util=1,F37,IF(util=2,H37,"err")) -> 0.92671065 | E37: =IF(util=1,G37,IF(util=2,I37,"err")) -> 0.90662285 | F37: 0.92671065 | G37: 0.90662285 | H37: =VLOOKUP($A37,$K$9:$M$26,2) -> 0.895 | I37: =VLOOKUP($A37,$K$9:$M$26,3) -> 0.873 | N37: 28 | O37: =Age+N37 -> 108 | P37: =P36-P36*VLOOKUP(O36,lifetable,2,FALSE) -> #N/A | Q37: =Q36-Q36*VLOOKUP(O36,lifetable,3,FALSE) -> #N/A | R37: =(P37+P38)/2 -> #N/A | S37: =(Q37+Q38)/2 -> #N/A | T37: =R37*VLOOKUP(O37,lifetable,4,FALSE) -> #N/A | U37: =S37*VLOOKUP(O37,lifetable,5,FALSE) -> #N/A | V37: =T37/(1+Disc)^N37 -> #N/A | W37: =U37/(1+Disc)^N37 -> #N/A
A38: 29 | B38: 0.000664 | C38: 0.000302 | D38: =IF(util=1,F38,IF(util=2,H38,"err")) -> 0.92498541 | E38: =IF(util=1,G38,IF(util=2,I38,"err")) -> 0.90546319 | F38: 0.92498541 | G38: 0.90546319 | H38: =VLOOKUP($A38,$K$9:$M$26,2) -> 0.895 | I38: =VLOOKUP($A38,$K$9:$M$26,3) -> 0.873 | N38: 29 | O38: =Age+N38 -> 109 | P38: =P37-P37*VLOOKUP(O37,lifetable,2,FALSE) -> #N/A | Q38: =Q37-Q37*VLOOKUP(O37,lifetable,3,FALSE) -> #N/A | R38: =(P38+P39)/2 -> #N/A | S38: =(Q38+Q39)/2 -> #N/A | T38: =R38*VLOOKUP(O38,lifetable,4,FALSE) -> #N/A | U38: =S38*VLOOKUP(O38,lifetable,5,FALSE) -> #N/A | V38: =T38/(1+Disc)^N38 -> #N/A | W38: =U38/(1+Disc)^N38 -> #N/A
... A109: 100 | B109: 0.38807 | C109: 0.350306 | D109: =IF(util=1,F109,IF(util=2,H109,"err")) -> 0.6945941 | E109: =IF(util=1,G109,IF(util=2,I109,"err")) -> 0.59342736 | F109: 0.6945941 | G109: 0.59342736 | H109: =VLOOKUP($A109,$K$9:$M$26,2) -> 0.663 | I109: =VLOOKUP($A109,$K$9:$M$26,3) -> 0.665 | N109: 100 | O109: =Age+N109 -> 180 | P109: =P108-P108*VLOOKUP(O108,lifetable,2,FALSE) -> #N/A | Q109: =Q108-Q108*VLOOKUP(O108,lifetable,3,FALSE) -> #N/A | R109: =(P109+P110)/2 -> #N/A | S109: =(Q109+Q110)/2 -> #N/A | T109: =R109*VLOOKUP(O109,lifetable,4,FALSE) -> #N/A | U109: =S109*VLOOKUP(O109,lifetable,5,FALSE) -> #N/A | V109: =T109/(1+Disc)^N109 -> #N/A | W109: =U109/(1+Disc)^N109 -> #N/A
D110: =IF(util=1,F110,IF(util=2,H110,"err")) -> 0.69022425 | E110: =IF(util=1,G110,IF(util=2,I110,"err")) -> 0.58589766 | F110: 0.69022425 | G110: 0.58589766 | I110: =VLOOKUP($A110,$K$9:$M$26,3) -> 0.881

Sheet QALYsForUndiagnosedCancer (2)
B1: Undiagnosed Cancer
B2: Stage I | D2: Stage II | F2: Stage III | H2: Stage IV | Q2: Stage I | U2: Stage II | Y2: Stage III | AC2: Stage IV
A3: Age | B3: QALYs | C3: No. patients | D3: QALYs | E3: No. patients | F3: QALYs | G3: No. patients | H3: QALYs | I3: No. patients | K3: Total | L3: w/modifier | M3: % | N3: Value to paste into r | P3: Gen pop QALYs | Q3: Absolute shortfall | R3: Modifier | S3: Proportional shortfall | T3: Modifier | U3: Absolute shortfall | V3: Modifier | W3: Proportional shortfall | X3: Modifier | Y3: Absolute shortfall | Z3: Modifier | AA3: Proportional shortfall | AB3: Modifier | AC3: Absolute shortfall | AD3: Modifier | AE3: Proportional shortfall | AF3: Modifier
A4: 50 | B4: =(Stage4to1!J2+Stage3to1!J2+Stage2to1!J2+Stage1to1!J2)/(Stage4to1!F2+Stage3to1!F2+Stage2to1!F2+Stage1to1!F2) -> 5.4139755 | C4: =Stage4to1!F2+Stage3to1!F2+Stage2to1!F2+Stage1to1!F2 -> 83.160969 | D4: =(Stage4to1!K2+Stage3to1!K2+Stage2to1!K2+Stage1to1!K2+Stage4to2!K2+Stage3to2!K2+Stage2to2!K2)/(Stage4to1!G2+Stage3to1!G2+Stage2to1!G2+Stage1to1!G2+Stage4to2!G2+Stage3to2!G2+Stage2to2!G2) -> 3.3643994 | E4: =Stage4to1!G2+Stage3to1!G2+Stage2to1!G2+Stage1to1!G2+Stage4to2!G2+Stage3to2!G2+Stage2to2!G2 -> 67.108587 | F4: =(Stage4to1!L2+Stage3to1!L2+Stage2to1!L2+Stage1to1!L2+Stage4to2!L2+Stage3to2!L2+Stage2to2!L2+Stage4to3!L2+Stage3to3!L2)/(Stage4to1!H2+Stage3to1!H2+Stage2to1!H2+Stage1to1!H2+Stage4to2!H2+Stage3to2!H2+Stage2to2!H2+Stage4to3!H2+Stage3to3!H2) -> 1.9314957 | G4: =Stage4to1!H2+Stage3to1!H2+Stage2to1!H2+Stage1to1!H2+Stage4to2!H2+Stage3to2!H2+Stage2to2!H2+Stage4to3!H2+Stage3to3!H2 -> 74.421465 | H4: =(Stage4to1!M2+Stage3to1!M2+Stage2to1!M2+Stage1to1!M2+Stage4to2!M2+Stage3to2!M2+Stage2to2!M2+Stage4to3!M2+Stage3to3!M2+Stage4to4!M2)/(Stage4to1!I2+Stage3to1!I2+Stage2to1!I2+Stage1to1!I2+Stage4to2!I2+Stage3to2!I2+Stage2to2!I2+Stage4to3!I2+Stage3to3!I2+Stage4to4!I2) -> 0.77499481 | I4: =Stage4to1!I2+Stage3to1!I2+Stage2to1!I2+Stage1to1!I2+Stage4to2!I2+Stage3to2!I2+Stage2to2!I2+Stage4to3!I2+Stage3to3!I2+Stage4to4!I2 -> 83.02675 | K4: =SUM(C4+E4+G4+I4) -> 307.71777 | L4: =SUM(E4+G4+I4) -> 224.5568 | M4: =ROUND((L4/K4)*100, 1) -> 73 | N4: 73 | P4: 15.926122 | Q4: =P4-B4 -> 10.512146 | R4: =IF(Q4<12,1,IF(Q4<18,1.2,1.7)) -> 1 | S4: =Q4/P4 -> 0.66005689 | T4: =IF(S4<0.85,1,IF(S4<0.95,1.2,1.7)) -> 1 | U4: =P4-D4 -> 12.561723 | V4: =IF(U4<12,1,IF(U4<18,1.2,1.7)) -> 1.2 | W4: =U4/$P4 -> 0.78874962 | X4: =IF(W4<0.85,1,IF(W4<0.95,1.2,1.7)) -> 1 | Y4: =P4-F4 -> 13.994626 | Z4: =IF(Y4<12,1,IF(Y4<18,1.2,1.7)) -> 1.2 | AA4: =Y4/$P4 -> 0.87872153 | AB4: =IF(AA4<0.85,1,IF(AA4<0.95,1.2,1.7)) -> 1.2 | AC4: =P4-H4 -> 15.151127 | AD4: =IF(AC4<12,1,IF(AC4<18,1.2,1.7)) -> 1.2 | AE4: =AC4/P4 -> 0.95133813 | AF4: =IF(AE4<0.85,1,IF(AE4<0.95,1.2,1.7)) -> 1.7
A5: 51 | B5: =(Stage4to1!J3+Stage3to1!J3+Stage2to1!J3+Stage1to1!J3)/(Stage4to1!F3+Stage3to1!F3+Stage2to1!F3+Stage1to1!F3) -> 5.411537 | C5: =Stage4to1!F3+Stage3to1!F3+Stage2to1!F3+Stage1to1!F3 -> 83.007364 | D5: =(Stage4to1!K3+Stage3to1!K3+Stage2to1!K3+Stage1to1!K3+Stage4to2!K3+Stage3to2!K3+Stage2to2!K3)/(Stage4to1!G3+Stage3to1!G3+Stage2to1!G3+Stage1to1!G3+Stage4to2!G3+Stage3to2!G3+Stage2to2!G3) -> 3.3638337 | E5: =Stage4to1!G3+Stage3to1!G3+Stage2to1!G3+Stage1to1!G3+Stage4to2!G3+Stage3to2!G3+Stage2to2!G3 -> 67.052446 | F5: =(Stage4to1!L3+Stage3to1!L3+Stage2to1!L3+Stage1to1!L3+Stage4to2!L3+Stage3to2!L3+Stage2to2!L3+Stage4to3!L3+Stage3to3!L3)/(Stage4to1!H3+Stage3to1!H3+Stage2to1!H3+Stage1to1!H3+Stage4to2!H3+Stage3to2!H3+Stage2to2!H3+Stage4to3!H3+Stage3to3!H3) -> 1.9313139 | G5: =Stage4to1!H3+Stage3to1!H3+Stage2to1!H3+Stage1to1!H3+Stage4to2!H3+Stage3to2!H3+Stage2to2!H3+Stage4to3!H3+Stage3to3!H3 -> 74.393574 | H5: =(Stage4to1!M3+Stage3to1!M3+Stage2to1!M3+Stage1to1!M3+Stage4to2!M3+Stage3to2!M3+Stage2to2!M3+Stage4to3!M3+Stage3to3!M3+Stage4to4!M3)/(Stage4to1!I3+Stage3to1!I3+Stage2to1!I3+Stage1to1!I3+Stage4to2!I3+Stage3to2!I3+Stage2to2!I3+Stage4to3!I3+Stage3to3!I3+Stage4to4!I3) -> 0.77499679 | I5: =Stage4to1!I3+Stage3to1!I3+Stage2to1!I3+Stage1to1!I3+Stage4to2!I3+Stage3to2!I3+Stage2to2!I3+Stage4to3!I3+Stage3to3!I3+Stage4to4!I3 -> 83.02175 | K5: =SUM(C5+E5+G5+I5) -> 307.47513 | L5: =SUM(E5+G5+I5) -> 224.46777 | M5: =ROUND((L5/K5)*100, 1) -> 73 | N5: 73 | P5: 15.626547 | Q5: =P5-B5 -> 10.21501 | R5: =IF(Q5<12,1,IF(Q5<18,1.2,1.7)) -> 1 | S5: =Q5/P5 -> 0.65369591 | T5: =IF(S5<0.85,1,IF(S5<0.95,1.2,1.7)) -> 1 | U5: =P5-D5 -> 12.262713 | V5: =IF(U5<12,1,IF(U5<18,1.2,1.7)) -> 1.2 | W5: =U5/$P5 -> 0.78473595 | X5: =IF(W5<0.85,1,IF(W5<0.95,1.2,1.7)) -> 1 | Y5: =P5-F5 -> 13.695233 | Z5: =IF(Y5<12,1,IF(Y5<18,1.2,1.7)) -> 1.2 | AA5: =Y5/$P5 -> 0.87640815 | AB5: =IF(AA5<0.85,1,IF(AA5<0.95,1.2,1.7)) -> 1.2 | AC5: =P5-H5 -> 14.85155 | AD5: =IF(AC5<12,1,IF(AC5<18,1.2,1.7)) -> 1.2 | AE5: =AC5/P5 -> 0.95040511 | AF5: =IF(AE5<0.85,1,IF(AE5<0.95,1.2,1.7)) -> 1.7
A6: 52 | B6: =(Stage4to1!J4+Stage3to1!J4+Stage2to1!J4+Stage1to1!J4)/(Stage4to1!F4+Stage3to1!F4+Stage2to1!F4+Stage1to1!F4) -> 5.4088285 | C6: =Stage4to1!F4+Stage3to1!F4+Stage2to1!F4+Stage1to1!F4 -> 82.843185 | D6: =(Stage4to1!K4+Stage3to1!K4+Stage2to1!K4+Stage1to1!K4+Stage4to2!K4+Stage3to2!K4+Stage2to2!K4)/(Stage4to1!G4+Stage3to1!G4+Stage2to1!G4+Stage1to1!G4+Stage4to2!G4+Stage3to2!G4+Stage2to2!G4) -> 3.3631921 | E6: =Stage4to1!G4+Stage3to1!G4+Stage2to1!G4+Stage1to1!G4+Stage4to2!G4+Stage3to2!G4+Stage2to2!G4 -> 66.994927 | F6: =(Stage4to1!L4+Stage3to1!L4+Stage2to1!L4+Stage1to1!L4+Stage4to2!L4+Stage3to2!L4+Stage2to2!L4+Stage4to3!L4+Stage3to3!L4)/(Stage4to1!H4+Stage3to1!H4+Stage2to1!H4+Stage1to1!H4+Stage4to2!H4+Stage3to2!H4+Stage2to2!H4+Stage4to3!H4+Stage3to3!H4) -> 1.9311248 | G6: =Stage4to1!H4+Stage3to1!H4+Stage2to1!H4+Stage1to1!H4+Stage4to2!H4+Stage3to2!H4+Stage2to2!H4+Stage4to3!H4+Stage3to3!H4 -> 74.365733 | H6: =(Stage4to1!M4+Stage3to1!M4+Stage2to1!M4+Stage1to1!M4+Stage4to2!M4+Stage3to2!M4+Stage2to2!M4+Stage4to3!M4+Stage3to3!M4+Stage4to4!M4)/(Stage4to1!I4+Stage3to1!I4+Stage2to1!I4+Stage1to1!I4+Stage4to2!I4+Stage3to2!I4+Stage2to2!I4+Stage4to3!I4+Stage3to3!I4+Stage4to4!I4) -> 0.77499887 | I6: =Stage4to1!I4+Stage3to1!I4+Stage2to1!I4+Stage1to1!I4+Stage4to2!I4+Stage3to2!I4+Stage2to2!I4+Stage4to3!I4+Stage3to3!I4+Stage4to4!I4 -> 83.01674 | K6: =SUM(C6+E6+G6+I6) -> 307.22059 | L6: =SUM(G6+I6) -> 157.38247 | M6: =ROUND((L6/K6)*100, 1) -> 51.2 | N6: 51.2 | P6: 15.322131 | Q6: =P6-B6 -> 9.9133027 | R6: =IF(Q6<12,1,IF(Q6<18,1.2,1.7)) -> 1 | S6: =Q6/P6 -> 0.64699242 | T6: =IF(S6<0.85,1,IF(S6<0.95,1.2,1.7)) -> 1 | U6: =P6-D6 -> 11.958939 | V6: =IF(U6<12,1,IF(U6<18,1.2,1.7)) -> 1 | W6: =U6/$P6 -> 0.78050102 | X6: =IF(W6<0.85,1,IF(W6<0.95,1.2,1.7)) -> 1 | Y6: =P6-F6 -> 13.391006 | Z6: =IF(Y6<12,1,IF(Y6<18,1.2,1.7)) -> 1.2 | AA6: =Y6/$P6 -> 0.873965 | AB6: =IF(AA6<0.85,1,IF(AA6<0.95,1.2,1.7)) -> 1.2 | AC6: =P6-H6 -> 14.547132 | AD6: =IF(AC6<12,1,IF(AC6<18,1.2,1.7)) -> 1.2 | AE6: =AC6/P6 -> 0.94941964 | AF6: =IF(AE6<0.85,1,IF(AE6<0.95,1.2,1.7)) -> 1.2
A7: 53 | B7: =(Stage4to1!J5+Stage3to1!J5+Stage2to1!J5+Stage1to1!J5)/(Stage4to1!F5+Stage3to1!F5+Stage2to1!F5+Stage1to1!F5) -> 5.4058427 | C7: =Stage4to1!F5+Stage3to1!F5+Stage2to1!F5+Stage1to1!F5 -> 82.665124 | D7: =(Stage4to1!K5+Stage3to1!K5+Stage2to1!K5+Stage1to1!K5+Stage4to2!K5+Stage3to2!K5+Stage2to2!K5)/(Stage4to1!G5+Stage3to1!G5+Stage2to1!G5+Stage1to1!G5+Stage4to2!G5+Stage3to2!G5+Stage2to2!G5) -> 3.3624476 | E7: =Stage4to1!G5+Stage3to1!G5+Stage2to1!G5+Stage1to1!G5+Stage4to2!G5+Stage3to2!G5+Stage2to2!G5 -> 66.934889 | F7: =(Stage4to1!L5+Stage3to1!L5+Stage2to1!L5+Stage1to1!L5+Stage4to2!L5+Stage3to2!L5+Stage2to2!L5+Stage4to3!L5+Stage3to3!L5)/(Stage4to1!H5+Stage3to1!H5+Stage2to1!H5+Stage1to1!H5+Stage4to2!H5+Stage3to2!H5+Stage2to2!H5+Stage4to3!H5+Stage3to3!H5) -> 1.9308955 | G7: =Stage4to1!H5+Stage3to1!H5+Stage2to1!H5+Stage1to1!H5+Stage4to2!H5+Stage3to2!H5+Stage2to2!H5+Stage4to3!H5+Stage3to3!H5 -> 74.340291 | H7: =(Stage4to1!M5+Stage3to1!M5+Stage2to1!M5+Stage1to1!M5+Stage4to2!M5+Stage3to2!M5+Stage2to2!M5+Stage4to3!M5+Stage3to3!M5+Stage4to4!M5)/(Stage4to1!I5+Stage3to1!I5+Stage2to1!I5+Stage1to1!I5+Stage4to2!I5+Stage3to2!I5+Stage2to2!I5+Stage4to3!I5+Stage3to3!I5+Stage4to4!I5) -> 0.77500055 | I7: =Stage4to1!I5+Stage3to1!I5+Stage2to1!I5+Stage1to1!I5+Stage4to2!I5+Stage3to2!I5+Stage2to2!I5+Stage4to3!I5+Stage3to3!I5+Stage4to4!I5 -> 83.01287 | K7: =SUM(C7+E7+G7+I7) -> 306.95317 | L7: =SUM(G7+I7) -> 157.35316 | M7: =ROUND((L7/K7)*100, 1) -> 51.3 | N7: 51.3 | P7: 15.012754 | Q7: =P7-B7 -> 9.6069117 | R7: =IF(Q7<12,1,IF(Q7<18,1.2,1.7)) -> 1 | S7: =Q7/P7 -> 0.63991666 | T7: =IF(S7<0.85,1,IF(S7<0.95,1.2,1.7)) -> 1 | U7: =P7-D7 -> 11.650307 | V7: =IF(U7<12,1,IF(U7<18,1.2,1.7)) -> 1 | W7: =U7/$P7 -> 0.77602727 | X7: =IF(W7<0.85,1,IF(W7<0.95,1.2,1.7)) -> 1 | Y7: =P7-F7 -> 13.081859 | Z7: =IF(Y7<12,1,IF(Y7<18,1.2,1.7)) -> 1.2 | AA7: =Y7/$P7 -> 0.871383 | AB7: =IF(AA7<0.85,1,IF(AA7<0.95,1.2,1.7)) -> 1.2 | AC7: =P7-H7 -> 14.237754 | AD7: =IF(AC7<12,1,IF(AC7<18,1.2,1.7)) -> 1.2 | AE7: =AC7/P7 -> 0.94837719 | AF7: =IF(AE7<0.85,1,IF(AE7<0.95,1.2,1.7)) -> 1.2
A8: 54 | B8: =(Stage4to1!J6+Stage3to1!J6+Stage2to1!J6+Stage1to1!J6)/(Stage4to1!F6+Stage3to1!F6+Stage2to1!F6+Stage1to1!F6) -> 5.4026472 | C8: =Stage4to1!F6+Stage3to1!F6+Stage2to1!F6+Stage1to1!F6 -> 82.457876 | D8: =(Stage4to1!K6+Stage3to1!K6+Stage2to1!K6+Stage1to1!K6+Stage4to2!K6+Stage3to2!K6+Stage2to2!K6)/(Stage4to1!G6+Stage3to1!G6+Stage2to1!G6+Stage1to1!G6+Stage4to2!G6+Stage3to2!G6+Stage2to2!G6) -> 3.3616484 | E8: =Stage4to1!G6+Stage3to1!G6+Stage2to1!G6+Stage1to1!G6+Stage4to2!G6+Stage3to2!G6+Stage2to2!G6 -> 66.859255 | F8: =(Stage4to1!L6+Stage3to1!L6+Stage2to1!L6+Stage1to1!L6+Stage4to2!L6+Stage3to2!L6+Stage2to2!L6+Stage4to3!L6+Stage3to3!L6)/(Stage4to1!H6+Stage3to1!H6+Stage2to1!H6+Stage1to1!H6+Stage4to2!H6+Stage3to2!H6+Stage2to2!H6+Stage4to3!H6+Stage3to3!H6) -> 1.9306493 | G8: =Stage4to1!H6+Stage3to1!H6+Stage2to1!H6+Stage1to1!H6+Stage4to2!H6+Stage3to2!H6+Stage2to2!H6+Stage4to3!H6+Stage3to3!H6 -> 74.303095 | H8: =(Stage4to1!M6+Stage3to1!M6+Stage2to1!M6+Stage1to1!M6+Stage4to2!M6+Stage3to2!M6+Stage2to2!M6+Stage4to3!M6+Stage3to3!M6+Stage4to4!M6)/(Stage4to1!I6+Stage3to1!I6+Stage2to1!I6+Stage1to1!I6+Stage4to2!I6+Stage3to2!I6+Stage2to2!I6+Stage4to3!I6+Stage3to3!I6+Stage4to4!I6) -> 0.77500341 | I8: =Stage4to1!I6+Stage3to1!I6+Stage2to1!I6+Stage1to1!I6+Stage4to2!I6+Stage3to2!I6+Stage2to2!I6+Stage4to3!I6+Stage3to3!I6+Stage4to4!I6 -> 83.00619 | K8: =SUM(C8+E8+G8+I8) -> 306.62642 | L8: =SUM(G8+I8) -> 157.30928 | M8: =ROUND((L8/K8)*100, 1) -> 51.3 | N8: 51.3 | O8: =SUM(N4:N8)/5 -> 59.96 | P8: 14.697495 | Q8: =P8-B8 -> 9.2948479 | R8: =IF(Q8<12,1,IF(Q8<18,1.2,1.7)) -> 1 | S8: =Q8/P8 -> 0.63241034 | T8: =IF(S8<0.85,1,IF(S8<0.95,1.2,1.7)) -> 1 | U8: =P8-D8 -> 11.335847 | V8: =IF(U8<12,1,IF(U8<18,1.2,1.7)) -> 1 | W8: =U8/$P8 -> 0.77127746 | X8: =IF(W8<0.85,1,IF(W8<0.95,1.2,1.7)) -> 1 | Y8: =P8-F8 -> 12.766846 | Z8: =IF(Y8<12,1,IF(Y8<18,1.2,1.7)) -> 1.2 | AA8: =Y8/$P8 -> 0.86864093 | AB8: =IF(AA8<0.85,1,IF(AA8<0.95,1.2,1.7)) -> 1.2 | AC8: =P8-H8 -> 13.922492 | AD8: =IF(AC8<12,1,IF(AC8<18,1.2,1.7)) -> 1.2 | AE8: =AC8/P8 -> 0.94726969 | AF8: =IF(AE8<0.85,1,IF(AE8<0.95,1.2,1.7)) -> 1.2
A9: 55 | B9: =(Stage4to1!J7+Stage3to1!J7+Stage2to1!J7+Stage1to1!J7)/(Stage4to1!F7+Stage3to1!F7+Stage2to1!F7+Stage1to1!F7) -> 4.8899401 | C9: =Stage4to1!F7+Stage3to1!F7+Stage2to1!F7+Stage1to1!F7 -> 160.10683 | D9: =(Stage4to1!K7+Stage3to1!K7+Stage2to1!K7+Stage1to1!K7+Stage4to2!K7+Stage3to2!K7+Stage2to2!K7)/(Stage4to1!G7+Stage3to1!G7+Stage2to1!G7+Stage1to1!G7+Stage4to2!G7+Stage3to2!G7+Stage2to2!G7) -> 3.0963829 | E9: =Stage4to1!G7+Stage3to1!G7+Stage2to1!G7+Stage1to1!G7+Stage4to2!G7+Stage3to2!G7+Stage2to2!G7 -> 137.36778 | F9: =(Stage4to1!L7+Stage3to1!L7+Stage2to1!L7+Stage1to1!L7+Stage4to2!L7+Stage3to2!L7+Stage2to2!L7+Stage4to3!L7+Stage3to3!L7)/(Stage4to1!H7+Stage3to1!H7+Stage2to1!H7+Stage1to1!H7+Stage4to2!H7+Stage3to2!H7+Stage2to2!H7+Stage4to3!H7+Stage3to3!H7) -> 1.6412507 | G9: =Stage4to1!H7+Stage3to1!H7+Stage2to1!H7+Stage1to1!H7+Stage4to2!H7+Stage3to2!H7+Stage2to2!H7+Stage4to3!H7+Stage3to3!H7 -> 153.89336 | H9: =(Stage4to1!M7+Stage3to1!M7+Stage2to1!M7+Stage1to1!M7+Stage4to2!M7+Stage3to2!M7+Stage2to2!M7+Stage4to3!M7+Stage3to3!M7+Stage4to4!M7)/(Stage4to1!I7+Stage3to1!I7+Stage2to1!I7+Stage1to1!I7+Stage4to2!I7+Stage3to2!I7+Stage2to2!I7+Stage4to3!I7+Stage3to3!I7+Stage4to4!I7) -> 0.51606395 | I9: =Stage4to1!I7+Stage3to1!I7+Stage2to1!I7+Stage1to1!I7+Stage4to2!I7+Stage3to2!I7+Stage2to2!I7+Stage4to3!I7+Stage3to3!I7+Stage4to4!I7 -> 168.21613 | K9: =SUM(C9+E9+G9+I9) -> 619.5841 | L9: =SUM(G9+I9) -> 322.10949 | M9: =ROUND((L9/K9)*100, 1) -> 52 | N9: 52 | P9: 14.376846 | Q9: =P9-B9 -> 9.4869059 | R9: =IF(Q9<12,1,IF(Q9<18,1.2,1.7)) -> 1 | S9: =Q9/P9 -> 0.65987393 | T9: =IF(S9<0.85,1,IF(S9<0.95,1.2,1.7)) -> 1 | U9: =P9-D9 -> 11.280463 | V9: =IF(U9<12,1,IF(U9<18,1.2,1.7)) -> 1 | W9: =U9/$P9 -> 0.78462711 | X9: =IF(W9<0.85,1,IF(W9<0.95,1.2,1.7)) -> 1 | Y9: =P9-F9 -> 12.735595 | Z9: =IF(Y9<12,1,IF(Y9<18,1.2,1.7)) -> 1.2 | AA9: =Y9/$P9 -> 0.8858407 | AB9: =IF(AA9<0.85,1,IF(AA9<0.95,1.2,1.7)) -> 1.2 | AC9: =P9-H9 -> 13.860782 | AD9: =IF(AC9<12,1,IF(AC9<18,1.2,1.7)) -> 1.2 | AE9: =AC9/P9 -> 0.96410451 | AF9: =IF(AE9<0.85,1,IF(AE9<0.95,1.2,1.7)) -> 1.7
A10: 56 | B10: =(Stage4to1!J8+Stage3to1!J8+Stage2to1!J8+Stage1to1!J8)/(Stage4to1!F8+Stage3to1!F8+Stage2to1!F8+Stage1to1!F8) -> 4.8863548 | C10: =Stage4to1!F8+Stage3to1!F8+Stage2to1!F8+Stage1to1!F8 -> 159.67296 | D10: =(Stage4to1!K8+Stage3to1!K8+Stage2to1!K8+Stage1to1!K8+Stage4to2!K8+Stage3to2!K8+Stage2to2!K8)/(Stage4to1!G8+Stage3to1!G8+Stage2to1!G8+Stage1to1!G8+Stage4to2!G8+Stage3to2!G8+Stage2to2!G8) -> 3.0954621 | E10: =Stage4to1!G8+Stage3to1!G8+Stage2to1!G8+Stage1to1!G8+Stage4to2!G8+Stage3to2!G8+Stage2to2!G8 -> 137.20154 | F10: =(Stage4to1!L8+Stage3to1!L8+Stage2to1!L8+Stage1to1!L8+Stage4to2!L8+Stage3to2!L8+Stage2to2!L8+Stage4to3!L8+Stage3to3!L8)/(Stage4to1!H8+Stage3to1!H8+Stage2to1!H8+Stage1to1!H8+Stage4to2!H8+Stage3to2!H8+Stage2to2!H8+Stage4to3!H8+Stage3to3!H8) -> 1.6409388 | G10: =Stage4to1!H8+Stage3to1!H8+Stage2to1!H8+Stage1to1!H8+Stage4to2!H8+Stage3to2!H8+Stage2to2!H8+Stage4to3!H8+Stage3to3!H8 -> 153.82143 | H10: =(Stage4to1!M8+Stage3to1!M8+Stage2to1!M8+Stage1to1!M8+Stage4to2!M8+Stage3to2!M8+Stage2to2!M8+Stage4to3!M8+Stage3to3!M8+Stage4to4!M8)/(Stage4to1!I8+Stage3to1!I8+Stage2to1!I8+Stage1to1!I8+Stage4to2!I8+Stage3to2!I8+Stage2to2!I8+Stage4to3!I8+Stage3to3!I8+Stage4to4!I8) -> 0.51606555 | I10: =Stage4to1!I8+Stage3to1!I8+Stage2to1!I8+Stage1to1!I8+Stage4to2!I8+Stage3to2!I8+Stage2to2!I8+Stage4to3!I8+Stage3to3!I8+Stage4to4!I8 -> 168.20495 | K10: =SUM(C10+E10+G10+I10) -> 618.90087 | L10: =SUM(G10+I10) -> 322.02638 | M10: =ROUND((L10/K10)*100, 1) -> 52 | N10: 52 | P10: 14.05178 | Q10: =P10-B10 -> 9.1654254 | R10: =IF(Q10<12,1,IF(Q10<18,1.2,1.7)) -> 1 | S10: =Q10/P10 -> 0.6522608 | T10: =IF(S10<0.85,1,IF(S10<0.95,1.2,1.7)) -> 1 | U10: =P10-D10 -> 10.956318 | V10: =IF(U10<12,1,IF(U10<18,1.2,1.7)) -> 1 | W10: =U10/$P10 -> 0.77971032 | X10: =IF(W10<0.85,1,IF(W10<0.95,1.2,1.7)) -> 1 | Y10: =P10-F10 -> 12.410841 | Z10: =IF(Y10<12,1,IF(Y10<18,1.2,1.7)) -> 1.2 | AA10: =Y10/$P10 -> 0.883222 | AB10: =IF(AA10<0.85,1,IF(AA10<0.95,1.2,1.7)) -> 1.2 | AC10: =P10-H10 -> 13.535715 | AD10: =IF(AC10<12,1,IF(AC10<18,1.2,1.7)) -> 1.2 | AE10: =AC10/P10 -> 0.96327401 | AF10: =IF(AE10<0.85,1,IF(AE10<0.95,1.2,1.7)) -> 1.7
A11: 57 | B11: =(Stage4to1!J9+Stage3to1!J9+Stage2to1!J9+Stage1to1!J9)/(Stage4to1!F9+Stage3to1!F9+Stage2to1!F9+Stage1to1!F9) -> 4.8825314 | C11: =Stage4to1!F9+Stage3to1!F9+Stage2to1!F9+Stage1to1!F9 -> 159.17604 | D11: =(Stage4to1!K9+Stage3to1!K9+Stage2to1!K9+Stage1to1!K9+Stage4to2!K9+Stage3to2!K9+Stage2to2!K9)/(Stage4to1!G9+Stage3to1!G9+Stage2to1!G9+Stage1to1!G9+Stage4to2!G9+Stage3to2!G9+Stage2to2!G9) -> 3.0945244 | E11: =Stage4to1!G9+Stage3to1!G9+Stage2to1!G9+Stage1to1!G9+Stage4to2!G9+Stage3to2!G9+Stage2to2!G9 -> 136.99478 | F11: =(Stage4to1!L9+Stage3to1!L9+Stage2to1!L9+Stage1to1!L9+Stage4to2!L9+Stage3to2!L9+Stage2to2!L9+Stage4to3!L9+Stage3to3!L9)/(Stage4to1!H9+Stage3to1!H9+Stage2to1!H9+Stage1to1!H9+Stage4to2!H9+Stage3to2!H9+Stage2to2!H9+Stage4to3!H9+Stage3to3!H9) -> 1.6405746 | G11: =Stage4to1!H9+Stage3to1!H9+Stage2to1!H9+Stage1to1!H9+Stage4to2!H9+Stage3to2!H9+Stage2to2!H9+Stage4to3!H9+Stage3to3!H9 -> 153.72388 | H11: =(Stage4to1!M9+Stage3to1!M9+Stage2to1!M9+Stage1to1!M9+Stage4to2!M9+Stage3to2!M9+Stage2to2!M9+Stage4to3!M9+Stage3to3!M9+Stage4to4!M9)/(Stage4to1!I9+Stage3to1!I9+Stage2to1!I9+Stage1to1!I9+Stage4to2!I9+Stage3to2!I9+Stage2to2!I9+Stage4to3!I9+Stage3to3!I9+Stage4to4!I9) -> 0.51606779 | I11: =Stage4to1!I9+Stage3to1!I9+Stage2to1!I9+Stage1to1!I9+Stage4to2!I9+Stage3to2!I9+Stage2to2!I9+Stage4to3!I9+Stage3to3!I9+Stage4to4!I9 -> 168.18899 | K11: =SUM(C11+E11+G11+I11) -> 618.08369 | L11: =SUM(G11+I11) -> 321.91287 | M11: =ROUND((L11/K11)*100, 1) -> 52.1 | N11: 52.1 | P11: 13.723302 | Q11: =P11-B11 -> 8.8407701 | R11: =IF(Q11<12,1,IF(Q11<18,1.2,1.7)) -> 1 | S11: =Q11/P11 -> 0.64421598 | T11: =IF(S11<0.85,1,IF(S11<0.95,1.2,1.7)) -> 1 | U11: =P11-D11 -> 10.628777 | V11: =IF(U11<12,1,IF(U11<18,1.2,1.7)) -> 1 | W11: =U11/$P11 -> 0.77450584 | X11: =IF(W11<0.85,1,IF(W11<0.95,1.2,1.7)) -> 1 | Y11: =P11-F11 -> 12.082727 | Z11: =IF(Y11<12,1,IF(Y11<18,1.2,1.7)) -> 1.2 | AA11: =Y11/$P11 -> 0.88045336 | AB11: =IF(AA11<0.85,1,IF(AA11<0.95,1.2,1.7)) -> 1.2 | AC11: =P11-H11 -> 13.207234 | AD11: =IF(AC11<12,1,IF(AC11<18,1.2,1.7)) -> 1.2 | AE11: =AC11/P11 -> 0.96239478 | AF11: =IF(AE11<0.85,1,IF(AE11<0.95,1.2,1.7)) -> 1.7
A12: 58 | B12: =(Stage4to1!J10+Stage3to1!J10+Stage2to1!J10+Stage1to1!J10)/(Stage4to1!F10+Stage3to1!F10+Stage2to1!F10+Stage1to1!F10) -> 4.8784032 | C12: =Stage4to1!F10+Stage3to1!F10+Stage2to1!F10+Stage1to1!F10 -> 158.62801 | D12: =(Stage4to1!K10+Stage3to1!K10+Stage2to1!K10+Stage1to1!K10+Stage4to2!K10+Stage3to2!K10+Stage2to2!K10)/(Stage4to1!G10+Stage3to1!G10+Stage2to1!G10+Stage1to1!G10+Stage4to2!G10+Stage3to2!G10+Stage2to2!G10) -> 3.093607 | E12: =Stage4to1!G10+Stage3to1!G10+Stage2to1!G10+Stage1to1!G10+Stage4to2!G10+Stage3to2!G10+Stage2to2!G10 -> 136.75447 | F12: =(Stage4to1!L10+Stage3to1!L10+Stage2to1!L10+Stage1to1!L10+Stage4to2!L10+Stage3to2!L10+Stage2to2!L10+Stage4to3!L10+Stage3to3!L10)/(Stage4to1!H10+Stage3to1!H10+Stage2to1!H10+Stage1to1!H10+Stage4to2!H10+Stage3to2!H10+Stage2to2!H10+Stage4to3!H10+Stage3to3!H10) -> 1.6401896 | G12: =Stage4to1!H10+Stage3to1!H10+Stage2to1!H10+Stage1to1!H10+Stage4to2!H10+Stage3to2!H10+Stage2to2!H10+Stage4to3!H10+Stage3to3!H10 -> 153.6 | H12: =(Stage4to1!M10+Stage3to1!M10+Stage2to1!M10+Stage1to1!M10+Stage4to2!M10+Stage3to2!M10+Stage2to2!M10+Stage4to3!M10+Stage3to3!M10+Stage4to4!M10)/(Stage4to1!I10+Stage3to1!I10+Stage2to1!I10+Stage1to1!I10+Stage4to2!I10+Stage3to2!I10+Stage2to2!I10+Stage4to3!I10+Stage3to3!I10+Stage4to4!I10) -> 0.51607067 | I12: =Stage4to1!I10+Stage3to1!I10+Stage2to1!I10+Stage1to1!I10+Stage4to2!I10+Stage3to2!I10+Stage2to2!I10+Stage4to3!I10+Stage3to3!I10+Stage4to4!I10 -> 168.16724 | K12: =SUM(C12+E12+G12+I12) -> 617.14972 | L12: =SUM(G12+I12) -> 321.76724 | M12: =ROUND((L12/K12)*100, 1) -> 52.1 | N12: 52.1 | P12: 13.390654 | Q12: =P12-B12 -> 8.5122509 | R12: =IF(Q12<12,1,IF(Q12<18,1.2,1.7)) -> 1 | S12: =Q12/P12 -> 0.63568597 | T12: =IF(S12<0.85,1,IF(S12<0.95,1.2,1.7)) -> 1 | U12: =P12-D12 -> 10.297047 | V12: =IF(U12<12,1,IF(U12<18,1.2,1.7)) -> 1 | W12: =U12/$P12 -> 0.76897267 | X12: =IF(W12<0.85,1,IF(W12<0.95,1.2,1.7)) -> 1 | Y12: =P12-F12 -> 11.750465 | Z12: =IF(Y12<12,1,IF(Y12<18,1.2,1.7)) -> 1 | AA12: =Y12/$P12 -> 0.87751236 | AB12: =IF(AA12<0.85,1,IF(AA12<0.95,1.2,1.7)) -> 1.2 | AC12: =P12-H12 -> 12.874583 | AD12: =IF(AC12<12,1,IF(AC12<18,1.2,1.7)) -> 1.2 | AE12: =AC12/P12 -> 0.96146038 | AF12: =IF(AE12<0.85,1,IF(AE12<0.95,1.2,1.7)) -> 1.7
A13: 59 | B13: =(Stage4to1!J11+Stage3to1!J11+Stage2to1!J11+Stage1to1!J11)/(Stage4to1!F11+Stage3to1!F11+Stage2to1!F11+Stage1to1!F11) -> 4.8738861 | C13: =Stage4to1!F11+Stage3to1!F11+Stage2to1!F11+Stage1to1!F11 -> 158.0514 | D13: =(Stage4to1!K11+Stage3to1!K11+Stage2to1!K11+Stage1to1!K11+Stage4to2!K11+Stage3to2!K11+Stage2to2!K11)/(Stage4to1!G11+Stage3to1!G11+Stage2to1!G11+Stage1to1!G11+Stage4to2!G11+Stage3to2!G11+Stage2to2!G11) -> 3.0926566 | E13: =Stage4to1!G11+Stage3to1!G11+Stage2to1!G11+Stage1to1!G11+Stage4to2!G11+Stage3to2!G11+Stage2to2!G11 -> 136.5033 | F13: =(Stage4to1!L11+Stage3to1!L11+Stage2to1!L11+Stage1to1!L11+Stage4to2!L11+Stage3to2!L11+Stage2to2!L11+Stage4to3!L11+Stage3to3!L11)/(Stage4to1!H11+Stage3to1!H11+Stage2to1!H11+Stage1to1!H11+Stage4to2!H11+Stage3to2!H11+Stage2to2!H11+Stage4to3!H11+Stage3to3!H11) -> 1.6398208 | G13: =Stage4to1!H11+Stage3to1!H11+Stage2to1!H11+Stage1to1!H11+Stage4to2!H11+Stage3to2!H11+Stage2to2!H11+Stage4to3!H11+Stage3to3!H11 -> 153.46355 | H13: =(Stage4to1!M11+Stage3to1!M11+Stage2to1!M11+Stage1to1!M11+Stage4to2!M11+Stage3to2!M11+Stage2to2!M11+Stage4to3!M11+Stage3to3!M11+Stage4to4!M11)/(Stage4to1!I11+Stage3to1!I11+Stage2to1!I11+Stage1to1!I11+Stage4to2!I11+Stage3to2!I11+Stage2to2!I11+Stage4to3!I11+Stage3to3!I11+Stage4to4!I11) -> 0.51607408 | I13: =Stage4to1!I11+Stage3to1!I11+Stage2to1!I11+Stage1to1!I11+Stage4to2!I11+Stage3to2!I11+Stage2to2!I11+Stage4to3!I11+Stage3to3!I11+Stage4to4!I11 -> 168.1415 | K13: =SUM(C13+E13+G13+I13) -> 616.15976 | L13: =SUM(G13+I13) -> 321.60505 | M13: =ROUND((L13/K13)*100, 1) -> 52.2 | N13: 52.2 | O13: =SUM(N9:N13)/5 -> 52.08 | P13: 13.054301 | Q13: =P13-B13 -> 8.1804152 | R13: =IF(Q13<12,1,IF(Q13<18,1.2,1.7)) -> 1 | S13: =Q13/P13 -> 0.6266452 | T13: =IF(S13<0.85,1,IF(S13<0.95,1.2,1.7)) -> 1 | U13: =P13-D13 -> 9.9616446 | V13: =IF(U13<12,1,IF(U13<18,1.2,1.7)) -> 1 | W13: =U13/$P13 -> 0.7630929 | X13: =IF(W13<0.85,1,IF(W13<0.95,1.2,1.7)) -> 1 | Y13: =P13-F13 -> 11.414481 | Z13: =IF(Y13<12,1,IF(Y13<18,1.2,1.7)) -> 1 | AA13: =Y13/$P13 -> 0.87438464 | AB13: =IF(AA13<0.85,1,IF(AA13<0.95,1.2,1.7)) -> 1.2 | AC13: =P13-H13 -> 12.538227 | AD13: =IF(AC13<12,1,IF(AC13<18,1.2,1.7)) -> 1.2 | AE13: =AC13/P13 -> 0.96046712 | AF13: =IF(AE13<0.85,1,IF(AE13<0.95,1.2,1.7)) -> 1.7
A14: 60 | B14: =(Stage4to1!J12+Stage3to1!J12+Stage2to1!J12+Stage1to1!J12)/(Stage4to1!F12+Stage3to1!F12+Stage2to1!F12+Stage1to1!F12) -> 4.5401202 | C14: =Stage4to1!F12+Stage3to1!F12+Stage2to1!F12+Stage1to1!F12 -> 269.27558 | D14: =(Stage4to1!K12+Stage3to1!K12+Stage2to1!K12+Stage1to1!K12+Stage4to2!K12+Stage3to2!K12+Stage2to2!K12)/(Stage4to1!G12+Stage3to1!G12+Stage2to1!G12+Stage1to1!G12+Stage4to2!G12+Stage3to2!G12+Stage2to2!G12) -> 2.8277609 | E14: =Stage4to1!G12+Stage3to1!G12+Stage2to1!G12+Stage1to1!G12+Stage4to2!G12+Stage3to2!G12+Stage2to2!G12 -> 248.86187 | F14: =(Stage4to1!L12+Stage3to1!L12+Stage2to1!L12+Stage1to1!L12+Stage4to2!L12+Stage3to2!L12+Stage2to2!L12+Stage4to3!L12+Stage3to3!L12)/(Stage4to1!H12+Stage3to1!H12+Stage2to1!H12+Stage1to1!H12+Stage4to2!H12+Stage3to2!H12+Stage2to2!H12+Stage4to3!H12+Stage3to3!H12) -> 1.5759347 | G14: =Stage4to1!H12+Stage3to1!H12+Stage2to1!H12+Stage1to1!H12+Stage4to2!H12+Stage3to2!H12+Stage2to2!H12+Stage4to3!H12+Stage3to3!H12 -> 281.88747 | H14: =(Stage4to1!M12+Stage3to1!M12+Stage2to1!M12+Stage1to1!M12+Stage4to2!M12+Stage3to2!M12+Stage2to2!M12+Stage4to3!M12+Stage3to3!M12+Stage4to4!M12)/(Stage4to1!I12+Stage3to1!I12+Stage2to1!I12+Stage1to1!I12+Stage4to2!I12+Stage3to2!I12+Stage2to2!I12+Stage4to3!I12+Stage3to3!I12+Stage4to4!I12) -> 0.47441214 | I14: =Stage4to1!I12+Stage3to1!I12+Stage2to1!I12+Stage1to1!I12+Stage4to2!I12+Stage3to2!I12+Stage2to2!I12+Stage4to3!I12+Stage3to3!I12+Stage4to4!I12 -> 308.13969 | K14: =SUM(C14+E14+G14+I14) -> 1108.1646 | L14: =SUM(G14+I14) -> 590.02716 | M14: =ROUND((L14/K14)*100, 1) -> 53.2 | N14: 53.2 | P14: 12.713385 | Q14: =P14-B14 -> 8.1732643 | R14: =IF(Q14<12,1,IF(Q14<18,1.2,1.7)) -> 1 | S14: =Q14/P14 -> 0.64288658 | T14: =IF(S14<0.85,1,IF(S14<0.95,1.2,1.7)) -> 1 | U14: =P14-D14 -> 9.8856236 | V14: =IF(U14<12,1,IF(U14<18,1.2,1.7)) -> 1 | W14: =U14/$P14 -> 0.77757607 | X14: =IF(W14<0.85,1,IF(W14<0.95,1.2,1.7)) -> 1 | Y14: =P14-F14 -> 11.13745 | Z14: =IF(Y14<12,1,IF(Y14<18,1.2,1.7)) -> 1 | AA14: =Y14/$P14 -> 0.87604129 | AB14: =IF(AA14<0.85,1,IF(AA14<0.95,1.2,1.7)) -> 1.2 | AC14: =P14-H14 -> 12.238972 | AD14: =IF(AC14<12,1,IF(AC14<18,1.2,1.7)) -> 1.2 | AE14: =AC14/P14 -> 0.96268404 | AF14: =IF(AE14<0.85,1,IF(AE14<0.95,1.2,1.7)) -> 1.7
A15: 61 | B15: =(Stage4to1!J13+Stage3to1!J13+Stage2to1!J13+Stage1to1!J13)/(Stage4to1!F13+Stage3to1!F13+Stage2to1!F13+Stage1to1!F13) -> 4.5355354 | C15: =Stage4to1!F13+Stage3to1!F13+Stage2to1!F13+Stage1to1!F13 -> 268.28013 | D15: =(Stage4to1!K13+Stage3to1!K13+Stage2to1!K13+Stage1to1!K13+Stage4to2!K13+Stage3to2!K13+Stage2to2!K13)/(Stage4to1!G13+Stage3to1!G13+Stage2to1!G13+Stage1to1!G13+Stage4to2!G13+Stage3to2!G13+Stage2to2!G13) -> 2.8266546 | E15: =Stage4to1!G13+Stage3to1!G13+Stage2to1!G13+Stage1to1!G13+Stage4to2!G13+Stage3to2!G13+Stage2to2!G13 -> 248.41141 | F15: =(Stage4to1!L13+Stage3to1!L13+Stage2to1!L13+Stage1to1!L13+Stage4to2!L13+Stage3to2!L13+Stage2to2!L13+Stage4to3!L13+Stage3to3!L13)/(Stage4to1!H13+Stage3to1!H13+Stage2to1!H13+Stage1to1!H13+Stage4to2!H13+Stage3to2!H13+Stage2to2!H13+Stage4to3!H13+Stage3to3!H13) -> 1.5755451 | G15: =Stage4to1!H13+Stage3to1!H13+Stage2to1!H13+Stage1to1!H13+Stage4to2!H13+Stage3to2!H13+Stage2to2!H13+Stage4to3!H13+Stage3to3!H13 -> 281.65668 | H15: =(Stage4to1!M13+Stage3to1!M13+Stage2to1!M13+Stage1to1!M13+Stage4to2!M13+Stage3to2!M13+Stage2to2!M13+Stage4to3!M13+Stage3to3!M13+Stage4to4!M13)/(Stage4to1!I13+Stage3to1!I13+Stage2to1!I13+Stage1to1!I13+Stage4to2!I13+Stage3to2!I13+Stage2to2!I13+Stage4to3!I13+Stage3to3!I13+Stage4to4!I13) -> 0.47441486 | I15: =Stage4to1!I13+Stage3to1!I13+Stage2to1!I13+Stage1to1!I13+Stage4to2!I13+Stage3to2!I13+Stage2to2!I13+Stage4to3!I13+Stage3to3!I13+Stage4to4!I13 -> 308.09952 | K15: =SUM(C15+E15+G15+I15) -> 1106.4477 | L15: =SUM(G15+I15) -> 589.7562 | M15: =ROUND((L15/K15)*100, 1) -> 53.3 | N15: 53.3 | P15: 12.369371 | Q15: =P15-B15 -> 7.8338354 | R15: =IF(Q15<12,1,IF(Q15<18,1.2,1.7)) -> 1 | S15: =Q15/P15 -> 0.6333253 | T15: =IF(S15<0.85,1,IF(S15<0.95,1.2,1.7)) -> 1 | U15: =P15-D15 -> 9.5427161 | V15: =IF(U15<12,1,IF(U15<18,1.2,1.7)) -> 1 | W15: =U15/$P15 -> 0.77147951 | X15: =IF(W15<0.85,1,IF(W15<0.95,1.2,1.7)) -> 1 | Y15: =P15-F15 -> 10.793826 | Z15: =IF(Y15<12,1,IF(Y15<18,1.2,1.7)) -> 1 | AA15: =Y15/$P15 -> 0.87262528 | AB15: =IF(AA15<0.85,1,IF(AA15<0.95,1.2,1.7)) -> 1.2 | AC15: =P15-H15 -> 11.894956 | AD15: =IF(AC15<12,1,IF(AC15<18,1.2,1.7)) -> 1 | AE15: =AC15/P15 -> 0.961646 | AF15: =IF(AE15<0.85,1,IF(AE15<0.95,1.2,1.7)) -> 1.7
A16: 62 | B16: =(Stage4to1!J14+Stage3to1!J14+Stage2to1!J14+Stage1to1!J14)/(Stage4to1!F14+Stage3to1!F14+Stage2to1!F14+Stage1to1!F14) -> 4.5304877 | C16: =Stage4to1!F14+Stage3to1!F14+Stage2to1!F14+Stage1to1!F14 -> 267.1918 | D16: =(Stage4to1!K14+Stage3to1!K14+Stage2to1!K14+Stage1to1!K14+Stage4to2!K14+Stage3to2!K14+Stage2to2!K14)/(Stage4to1!G14+Stage3to1!G14+Stage2to1!G14+Stage1to1!G14+Stage4to2!G14+Stage3to2!G14+Stage2to2!G14) -> 2.8254764 | E16: =Stage4to1!G14+Stage3to1!G14+Stage2to1!G14+Stage1to1!G14+Stage4to2!G14+Stage3to2!G14+Stage2to2!G14 -> 247.91314 | F16: =(Stage4to1!L14+Stage3to1!L14+Stage2to1!L14+Stage1to1!L14+Stage4to2!L14+Stage3to2!L14+Stage2to2!L14+Stage4to3!L14+Stage3to3!L14)/(Stage4to1!H14+Stage3to1!H14+Stage2to1!H14+Stage1to1!H14+Stage4to2!H14+Stage3to2!H14+Stage2to2!H14+Stage4to3!H14+Stage3to3!H14) -> 1.5751291 | G16: =Stage4to1!H14+Stage3to1!H14+Stage2to1!H14+Stage1to1!H14+Stage4to2!H14+Stage3to2!H14+Stage2to2!H14+Stage4to3!H14+Stage3to3!H14 -> 281.39407 | H16: =(Stage4to1!M14+Stage3to1!M14+Stage2to1!M14+Stage1to1!M14+Stage4to2!M14+Stage3to2!M14+Stage2to2!M14+Stage4to3!M14+Stage3to3!M14+Stage4to4!M14)/(Stage4to1!I14+Stage3to1!I14+Stage2to1!I14+Stage1to1!I14+Stage4to2!I14+Stage3to2!I14+Stage2to2!I14+Stage4to3!I14+Stage3to3!I14+Stage4to4!I14) -> 0.47441805 | I16: =Stage4to1!I14+Stage3to1!I14+Stage2to1!I14+Stage1to1!I14+Stage4to2!I14+Stage3to2!I14+Stage2to2!I14+Stage4to3!I14+Stage3to3!I14+Stage4to4!I14 -> 308.05261 | K16: =SUM(C16+E16+G16+I16) -> 1104.5516 | L16: =SUM(G16+I16) -> 589.44668 | M16: =ROUND((L16/K16)*100, 1) -> 53.4 | N16: 53.4 | P16: 12.021493 | Q16: =P16-B16 -> 7.4910052 | R16: =IF(Q16<12,1,IF(Q16<18,1.2,1.7)) -> 1 | S16: =Q16/P16 -> 0.62313435 | T16: =IF(S16<0.85,1,IF(S16<0.95,1.2,1.7)) -> 1 | U16: =P16-D16 -> 9.1960165 | V16: =IF(U16<12,1,IF(U16<18,1.2,1.7)) -> 1 | W16: =U16/$P16 -> 0.7649646 | X16: =IF(W16<0.85,1,IF(W16<0.95,1.2,1.7)) -> 1 | Y16: =P16-F16 -> 10.446364 | Z16: =IF(Y16<12,1,IF(Y16<18,1.2,1.7)) -> 1 | AA16: =Y16/$P16 -> 0.86897392 | AB16: =IF(AA16<0.85,1,IF(AA16<0.95,1.2,1.7)) -> 1.2 | AC16: =P16-H16 -> 11.547075 | AD16: =IF(AC16<12,1,IF(AC16<18,1.2,1.7)) -> 1 | AE16: =AC16/P16 -> 0.96053585 | AF16: =IF(AE16<0.85,1,IF(AE16<0.95,1.2,1.7)) -> 1.7
A17: 63 | B17: =(Stage4to1!J15+Stage3to1!J15+Stage2to1!J15+Stage1to1!J15)/(Stage4to1!F15+Stage3to1!F15+Stage2to1!F15+Stage1to1!F15) -> 4.5247701 | C17: =Stage4to1!F15+Stage3to1!F15+Stage2to1!F15+Stage1to1!F15 -> 266.02138 | D17: =(Stage4to1!K15+Stage3to1!K15+Stage2to1!K15+Stage1to1!K15+Stage4to2!K15+Stage3to2!K15+Stage2to2!K15)/(Stage4to1!G15+Stage3to1!G15+Stage2to1!G15+Stage1to1!G15+Stage4to2!G15+Stage3to2!G15+Stage2to2!G15) -> 2.8241921 | E17: =Stage4to1!G15+Stage3to1!G15+Stage2to1!G15+Stage1to1!G15+Stage4to2!G15+Stage3to2!G15+Stage2to2!G15 -> 247.38523 | F17: =(Stage4to1!L15+Stage3to1!L15+Stage2to1!L15+Stage1to1!L15+Stage4to2!L15+Stage3to2!L15+Stage2to2!L15+Stage4to3!L15+Stage3to3!L15)/(Stage4to1!H15+Stage3to1!H15+Stage2to1!H15+Stage1to1!H15+Stage4to2!H15+Stage3to2!H15+Stage2to2!H15+Stage4to3!H15+Stage3to3!H15) -> 1.5746867 | G17: =Stage4to1!H15+Stage3to1!H15+Stage2to1!H15+Stage1to1!H15+Stage4to2!H15+Stage3to2!H15+Stage2to2!H15+Stage4to3!H15+Stage3to3!H15 -> 281.11706 | H17: =(Stage4to1!M15+Stage3to1!M15+Stage2to1!M15+Stage1to1!M15+Stage4to2!M15+Stage3to2!M15+Stage2to2!M15+Stage4to3!M15+Stage3to3!M15+Stage4to4!M15)/(Stage4to1!I15+Stage3to1!I15+Stage2to1!I15+Stage1to1!I15+Stage4to2!I15+Stage3to2!I15+Stage2to2!I15+Stage4to3!I15+Stage3to3!I15+Stage4to4!I15) -> 0.47442136 | I17: =Stage4to1!I15+Stage3to1!I15+Stage2to1!I15+Stage1to1!I15+Stage4to2!I15+Stage3to2!I15+Stage2to2!I15+Stage4to3!I15+Stage3to3!I15+Stage4to4!I15 -> 308.00312 | K17: =SUM(C17+E17+G17+I17) -> 1102.5268 | L17: =SUM(G17+I17) -> 589.12018 | M17: =ROUND((L17/K17)*100, 1) -> 53.4 | N17: 53.4 | P17: 11.673321 | Q17: =P17-B17 -> 7.1485512 | R17: =IF(Q17<12,1,IF(Q17<18,1.2,1.7)) -> 1 | S17: =Q17/P17 -> 0.61238366 | T17: =IF(S17<0.85,1,IF(S17<0.95,1.2,1.7)) -> 1 | U17: =P17-D17 -> 8.8491291 | V17: =IF(U17<12,1,IF(U17<18,1.2,1.7)) -> 1 | W17: =U17/$P17 -> 0.75806439 | X17: =IF(W17<0.85,1,IF(W17<0.95,1.2,1.7)) -> 1 | Y17: =P17-F17 -> 10.098635 | Z17: =IF(Y17<12,1,IF(Y17<18,1.2,1.7)) -> 1 | AA17: =Y17/$P17 -> 0.8651038 | AB17: =IF(AA17<0.85,1,IF(AA17<0.95,1.2,1.7)) -> 1.2 | AC17: =P17-H17 -> 11.1989 | AD17: =IF(AC17<12,1,IF(AC17<18,1.2,1.7)) -> 1 | AE17: =AC17/P17 -> 0.95935849 | AF17: =IF(AE17<0.85,1,IF(AE17<0.95,1.2,1.7)) -> 1.7
A18: 64 | B18: =(Stage4to1!J16+Stage3to1!J16+Stage2to1!J16+Stage1to1!J16)/(Stage4to1!F16+Stage3to1!F16+Stage2to1!F16+Stage1to1!F16) -> 4.5182377 | C18: =Stage4to1!F16+Stage3to1!F16+Stage2to1!F16+Stage1to1!F16 -> 264.75068 | D18: =(Stage4to1!K16+Stage3to1!K16+Stage2to1!K16+Stage1to1!K16+Stage4to2!K16+Stage3to2!K16+Stage2to2!K16)/(Stage4to1!G16+Stage3to1!G16+Stage2to1!G16+Stage1to1!G16+Stage4to2!G16+Stage3to2!G16+Stage2to2!G16) -> 2.8227623 | E18: =Stage4to1!G16+Stage3to1!G16+Stage2to1!G16+Stage1to1!G16+Stage4to2!G16+Stage3to2!G16+Stage2to2!G16 -> 246.82302 | F18: =(Stage4to1!L16+Stage3to1!L16+Stage2to1!L16+Stage1to1!L16+Stage4to2!L16+Stage3to2!L16+Stage2to2!L16+Stage4to3!L16+Stage3to3!L16)/(Stage4to1!H16+Stage3to1!H16+Stage2to1!H16+Stage1to1!H16+Stage4to2!H16+Stage3to2!H16+Stage2to2!H16+Stage4to3!H16+Stage3to3!H16) -> 1.5742143 | G18: =Stage4to1!H16+Stage3to1!H16+Stage2to1!H16+Stage1to1!H16+Stage4to2!H16+Stage3to2!H16+Stage2to2!H16+Stage4to3!H16+Stage3to3!H16 -> 280.82376 | H18: =(Stage4to1!M16+Stage3to1!M16+Stage2to1!M16+Stage1to1!M16+Stage4to2!M16+Stage3to2!M16+Stage2to2!M16+Stage4to3!M16+Stage3to3!M16+Stage4to4!M16)/(Stage4to1!I16+Stage3to1!I16+Stage2to1!I16+Stage1to1!I16+Stage4to2!I16+Stage3to2!I16+Stage2to2!I16+Stage4to3!I16+Stage3to3!I16+Stage4to4!I16) -> 0.47442486 | I18: =Stage4to1!I16+Stage3to1!I16+Stage2to1!I16+Stage1to1!I16+Stage4to2!I16+Stage3to2!I16+Stage2to2!I16+Stage4to3!I16+Stage3to3!I16+Stage4to4!I16 -> 307.95024 | K18: =SUM(C18+E18+G18+I18) -> 1100.3477 | L18: =SUM(G18+I18) -> 588.774 | M18: =ROUND((L18/K18)*100, 1) -> 53.5 | N18: 53.5 | O18: =SUM(N14:N18)/5 -> 53.36 | P18: 11.321559 | Q18: =P18-B18 -> 6.8033214 | R18: =IF(Q18<12,1,IF(Q18<18,1.2,1.7)) -> 1 | S18: =Q18/P18 -> 0.60091736 | T18: =IF(S18<0.85,1,IF(S18<0.95,1.2,1.7)) -> 1 | U18: =P18-D18 -> 8.4987969 | V18: =IF(U18<12,1,IF(U18<18,1.2,1.7)) -> 1 | W18: =U18/$P18 -> 0.75067371 | X18: =IF(W18<0.85,1,IF(W18<0.95,1.2,1.7)) -> 1 | Y18: =P18-F18 -> 9.7473448 | Z18: =IF(Y18<12,1,IF(Y18<18,1.2,1.7)) -> 1 | AA18: =Y18/$P18 -> 0.86095428 | AB18: =IF(AA18<0.85,1,IF(AA18<0.95,1.2,1.7)) -> 1.2 | AC18: =P18-H18 -> 10.847134 | AD18: =IF(AC18<12,1,IF(AC18<18,1.2,1.7)) -> 1 | AE18: =AC18/P18 -> 0.95809545 | AF18: =IF(AE18<0.85,1,IF(AE18<0.95,1.2,1.7)) -> 1.7
A19: 65 | B19: =(Stage4to1!J17+Stage3to1!J17+Stage2to1!J17+Stage1to1!J17)/(Stage4to1!F17+Stage3to1!F17+Stage2to1!F17+Stage1to1!F17) -> 4.2227364 | C19: =Stage4to1!F17+Stage3to1!F17+Stage2to1!F17+Stage1to1!F17 -> 390.86965 | D19: =(Stage4to1!K17+Stage3to1!K17+Stage2to1!K17+Stage1to1!K17+Stage4to2!K17+Stage3to2!K17+Stage2to2!K17)/(Stage4to1!G17+Stage3to1!G17+Stage2to1!G17+Stage1to1!G17+Stage4to2!G17+Stage3to2!G17+Stage2to2!G17) -> 2.4957974 | E19: =Stage4to1!G17+Stage3to1!G17+Stage2to1!G17+Stage1to1!G17+Stage4to2!G17+Stage3to2!G17+Stage2to2!G17 -> 374.52968 | F19: =(Stage4to1!L17+Stage3to1!L17+Stage2to1!L17+Stage1to1!L17+Stage4to2!L17+Stage3to2!L17+Stage2to2!L17+Stage4to3!L17+Stage3to3!L17)/(Stage4to1!H17+Stage3to1!H17+Stage2to1!H17+Stage1to1!H17+Stage4to2!H17+Stage3to2!H17+Stage2to2!H17+Stage4to3!H17+Stage3to3!H17) -> 1.4492438 | G19: =Stage4to1!H17+Stage3to1!H17+Stage2to1!H17+Stage1to1!H17+Stage4to2!H17+Stage3to2!H17+Stage2to2!H17+Stage4to3!H17+Stage3to3!H17 -> 429.00327 | H19: =(Stage4to1!M17+Stage3to1!M17+Stage2to1!M17+Stage1to1!M17+Stage4to2!M17+Stage3to2!M17+Stage2to2!M17+Stage4to3!M17+Stage3to3!M17+Stage4to4!M17)/(Stage4to1!I17+Stage3to1!I17+Stage2to1!I17+Stage1to1!I17+Stage4to2!I17+Stage3to2!I17+Stage2to2!I17+Stage4to3!I17+Stage3to3!I17+Stage4to4!I17) -> 0.3987434 | I19: =Stage4to1!I17+Stage3to1!I17+Stage2to1!I17+Stage1to1!I17+Stage4to2!I17+Stage3to2!I17+Stage2to2!I17+Stage4to3!I17+Stage3to3!I17+Stage4to4!I17 -> 471.20318 | K19: =SUM(C19+E19+G19+I19) -> 1665.6058 | L19: =SUM(G19+I19) -> 900.20645 | M19: =ROUND((L19/K19)*100, 1) -> 54 | N19: 54 | P19: 10.965913 | Q19: =P19-B19 -> 6.7431761 | R19: =IF(Q19<12,1,IF(Q19<18,1.2,1.7)) -> 1 | S19: =Q19/P19 -> 0.61492156 | T19: =IF(S19<0.85,1,IF(S19<0.95,1.2,1.7)) -> 1 | U19: =P19-D19 -> 8.4701151 | V19: =IF(U19<12,1,IF(U19<18,1.2,1.7)) -> 1 | W19: =U19/$P19 -> 0.77240404 | X19: =IF(W19<0.85,1,IF(W19<0.95,1.2,1.7)) -> 1 | Y19: =P19-F19 -> 9.5166687 | Z19: =IF(Y19<12,1,IF(Y19<18,1.2,1.7)) -> 1 | AA19: =Y19/$P19 -> 0.86784102 | AB19: =IF(AA19<0.85,1,IF(AA19<0.95,1.2,1.7)) -> 1.2 | AC19: =P19-H19 -> 10.567169 | AD19: =IF(AC19<12,1,IF(AC19<18,1.2,1.7)) -> 1 | AE19: =AC19/P19 -> 0.96363792 | AF19: =IF(AE19<0.85,1,IF(AE19<0.95,1.2,1.7)) -> 1.7
A20: 66 | B20: =(Stage4to1!J18+Stage3to1!J18+Stage2to1!J18+Stage1to1!J18)/(Stage4to1!F18+Stage3to1!F18+Stage2to1!F18+Stage1to1!F18) -> 4.2153413 | C20: =Stage4to1!F18+Stage3to1!F18+Stage2to1!F18+Stage1to1!F18 -> 388.71188 | D20: =(Stage4to1!K18+Stage3to1!K18+Stage2to1!K18+Stage1to1!K18+Stage4to2!K18+Stage3to2!K18+Stage2to2!K18)/(Stage4to1!G18+Stage3to1!G18+Stage2to1!G18+Stage1to1!G18+Stage4to2!G18+Stage3to2!G18+Stage2to2!G18) -> 2.4938855 | E20: =Stage4to1!G18+Stage3to1!G18+Stage2to1!G18+Stage1to1!G18+Stage4to2!G18+Stage3to2!G18+Stage2to2!G18 -> 373.49119 | F20: =(Stage4to1!L18+Stage3to1!L18+Stage2to1!L18+Stage1to1!L18+Stage4to2!L18+Stage3to2!L18+Stage2to2!L18+Stage4to3!L18+Stage3to3!L18)/(Stage4to1!H18+Stage3to1!H18+Stage2to1!H18+Stage1to1!H18+Stage4to2!H18+Stage3to2!H18+Stage2to2!H18+Stage4to3!H18+Stage3to3!H18) -> 1.4486525 | G20: =Stage4to1!H18+Stage3to1!H18+Stage2to1!H18+Stage1to1!H18+Stage4to2!H18+Stage3to2!H18+Stage2to2!H18+Stage4to3!H18+Stage3to3!H18 -> 428.4418 | H20: =(Stage4to1!M18+Stage3to1!M18+Stage2to1!M18+Stage1to1!M18+Stage4to2!M18+Stage3to2!M18+Stage2to2!M18+Stage4to3!M18+Stage3to3!M18+Stage4to4!M18)/(Stage4to1!I18+Stage3to1!I18+Stage2to1!I18+Stage1to1!I18+Stage4to2!I18+Stage3to2!I18+Stage2to2!I18+Stage4to3!I18+Stage3to3!I18+Stage4to4!I18) -> 0.39874709 | I20: =Stage4to1!I18+Stage3to1!I18+Stage2to1!I18+Stage1to1!I18+Stage4to2!I18+Stage3to2!I18+Stage2to2!I18+Stage4to3!I18+Stage3to3!I18+Stage4to4!I18 -> 471.10237 | K20: =SUM(C20+E20+G20+I20) -> 1661.7472 | L20: =SUM(G20+I20) -> 899.54417 | M20: =ROUND((L20/K20)*100, 1) -> 54.1 | N20: 54.1 | P20: 10.608453 | Q20: =P20-B20 -> 6.3931116 | R20: =IF(Q20<12,1,IF(Q20<18,1.2,1.7)) -> 1 | S20: =Q20/P20 -> 0.60264316 | T20: =IF(S20<0.85,1,IF(S20<0.95,1.2,1.7)) -> 1 | U20: =P20-D20 -> 8.1145675 | V20: =IF(U20<12,1,IF(U20<18,1.2,1.7)) -> 1 | W20: =U20/$P20 -> 0.76491526 | X20: =IF(W20<0.85,1,IF(W20<0.95,1.2,1.7)) -> 1 | Y20: =P20-F20 -> 9.1598005 | Z20: =IF(Y20<12,1,IF(Y20<18,1.2,1.7)) -> 1 | AA20: =Y20/$P20 -> 0.86344357 | AB20: =IF(AA20<0.85,1,IF(AA20<0.95,1.2,1.7)) -> 1.2 | AC20: =P20-H20 -> 10.209706 | AD20: =IF(AC20<12,1,IF(AC20<18,1.2,1.7)) -> 1 | AE20: =AC20/P20 -> 0.96241232 | AF20: =IF(AE20<0.85,1,IF(AE20<0.95,1.2,1.7)) -> 1.7
A21: 67 | B21: =(Stage4to1!J19+Stage3to1!J19+Stage2to1!J19+Stage1to1!J19)/(Stage4to1!F19+Stage3to1!F19+Stage2to1!F19+Stage1to1!F19) -> 4.2066644 | C21: =Stage4to1!F19+Stage3to1!F19+Stage2to1!F19+Stage1to1!F19 -> 386.34654 | D21: =(Stage4to1!K19+Stage3to1!K19+Stage2to1!K19+Stage1to1!K19+Stage4to2!K19+Stage3to2!K19+Stage2to2!K19)/(Stage4to1!G19+Stage3to1!G19+Stage2to1!G19+Stage1to1!G19+Stage4to2!G19+Stage3to2!G19+Stage2to2!G19) -> 2.4917687 | E21: =Stage4to1!G19+Stage3to1!G19+Stage2to1!G19+Stage1to1!G19+Stage4to2!G19+Stage3to2!G19+Stage2to2!G19 -> 372.3809 | F21: =(Stage4to1!L19+Stage3to1!L19+Stage2to1!L19+Stage1to1!L19+Stage4to2!L19+Stage3to2!L19+Stage2to2!L19+Stage4to3!L19+Stage3to3!L19)/(Stage4to1!H19+Stage3to1!H19+Stage2to1!H19+Stage1to1!H19+Stage4to2!H19+Stage3to2!H19+Stage2to2!H19+Stage4to3!H19+Stage3to3!H19) -> 1.4480312 | G21: =Stage4to1!H19+Stage3to1!H19+Stage2to1!H19+Stage1to1!H19+Stage4to2!H19+Stage3to2!H19+Stage2to2!H19+Stage4to3!H19+Stage3to3!H19 -> 427.83718 | H21: =(Stage4to1!M19+Stage3to1!M19+Stage2to1!M19+Stage1to1!M19+Stage4to2!M19+Stage3to2!M19+Stage2to2!M19+Stage4to3!M19+Stage3to3!M19+Stage4to4!M19)/(Stage4to1!I19+Stage3to1!I19+Stage2to1!I19+Stage1to1!I19+Stage4to2!I19+Stage3to2!I19+Stage2to2!I19+Stage4to3!I19+Stage3to3!I19+Stage4to4!I19) -> 0.39875111 | I21: =Stage4to1!I19+Stage3to1!I19+Stage2to1!I19+Stage1to1!I19+Stage4to2!I19+Stage3to2!I19+Stage2to2!I19+Stage4to3!I19+Stage3to3!I19+Stage4to4!I19 -> 470.99259 | K21: =SUM(C21+E21+G21+I21) -> 1657.5572 | L21: =SUM(G21+I21) -> 898.82977 | M21: =ROUND((L21/K21)*100, 1) -> 54.2 | N21: 54.2 | P21: 10.247762 | Q21: =P21-B21 -> 6.0410981 | R21: =IF(Q21<12,1,IF(Q21<18,1.2,1.7)) -> 1 | S21: =Q21/P21 -> 0.58950411 | T21: =IF(S21<0.85,1,IF(S21<0.95,1.2,1.7)) -> 1 | U21: =P21-D21 -> 7.7559938 | V21: =IF(U21<12,1,IF(U21<18,1.2,1.7)) -> 1 | W21: =U21/$P21 -> 0.75684754 | X21: =IF(W21<0.85,1,IF(W21<0.95,1.2,1.7)) -> 1 | Y21: =P21-F21 -> 8.7997313 | Z21: =IF(Y21<12,1,IF(Y21<18,1.2,1.7)) -> 1 | AA21: =Y21/$P21 -> 0.85869782 | AB21: =IF(AA21<0.85,1,IF(AA21<0.95,1.2,1.7)) -> 1.2 | AC21: =P21-H21 -> 9.8490114 | AD21: =IF(AC21<12,1,IF(AC21<18,1.2,1.7)) -> 1 | AE21: =AC21/P21 -> 0.96108896 | AF21: =IF(AE21<0.85,1,IF(AE21<0.95,1.2,1.7)) -> 1.7
A22: 68 | B22: =(Stage4to1!J20+Stage3to1!J20+Stage2to1!J20+Stage1to1!J20)/(Stage4to1!F20+Stage3to1!F20+Stage2to1!F20+Stage1to1!F20) -> 4.196425 | C22: =Stage4to1!F20+Stage3to1!F20+Stage2to1!F20+Stage1to1!F20 -> 383.72311 | D22: =(Stage4to1!K20+Stage3to1!K20+Stage2to1!K20+Stage1to1!K20+Stage4to2!K20+Stage3to2!K20+Stage2to2!K20)/(Stage4to1!G20+Stage3to1!G20+Stage2to1!G20+Stage1to1!G20+Stage4to2!G20+Stage3to2!G20+Stage2to2!G20) -> 2.489286 | E22: =Stage4to1!G20+Stage3to1!G20+Stage2to1!G20+Stage1to1!G20+Stage4to2!G20+Stage3to2!G20+Stage2to2!G20 -> 371.2057 | F22: =(Stage4to1!L20+Stage3to1!L20+Stage2to1!L20+Stage1to1!L20+Stage4to2!L20+Stage3to2!L20+Stage2to2!L20+Stage4to3!L20+Stage3to3!L20)/(Stage4to1!H20+Stage3to1!H20+Stage2to1!H20+Stage1to1!H20+Stage4to2!H20+Stage3to2!H20+Stage2to2!H20+Stage4to3!H20+Stage3to3!H20) -> 1.4473938 | G22: =Stage4to1!H20+Stage3to1!H20+Stage2to1!H20+Stage1to1!H20+Stage4to2!H20+Stage3to2!H20+Stage2to2!H20+Stage4to3!H20+Stage3to3!H20 -> 427.19514 | H22: =(Stage4to1!M20+Stage3to1!M20+Stage2to1!M20+Stage1to1!M20+Stage4to2!M20+Stage3to2!M20+Stage2to2!M20+Stage4to3!M20+Stage3to3!M20+Stage4to4!M20)/(Stage4to1!I20+Stage3to1!I20+Stage2to1!I20+Stage1to1!I20+Stage4to2!I20+Stage3to2!I20+Stage2to2!I20+Stage4to3!I20+Stage3to3!I20+Stage4to4!I20) -> 0.39875537 | I22: =Stage4to1!I20+Stage3to1!I20+Stage2to1!I20+Stage1to1!I20+Stage4to2!I20+Stage3to2!I20+Stage2to2!I20+Stage4to3!I20+Stage3to3!I20+Stage4to4!I20 -> 470.8711 | K22: =SUM(C22+E22+G22+I22) -> 1652.995 | L22: =SUM(G22+I22) -> 898.06624 | M22: =ROUND((L22/K22)*100, 1) -> 54.3 | N22: 54.3 | P22: 9.8845251 | Q22: =P22-B22 -> 5.6881001 | R22: =IF(Q22<12,1,IF(Q22<18,1.2,1.7)) -> 1 | S22: =Q22/P22 -> 0.57545507 | T22: =IF(S22<0.85,1,IF(S22<0.95,1.2,1.7)) -> 1 | U22: =P22-D22 -> 7.3952392 | V22: =IF(U22<12,1,IF(U22<18,1.2,1.7)) -> 1 | W22: =U22/$P22 -> 0.74816332 | X22: =IF(W22<0.85,1,IF(W22<0.95,1.2,1.7)) -> 1 | Y22: =P22-F22 -> 8.4371313 | Z22: =IF(Y22<12,1,IF(Y22<18,1.2,1.7)) -> 1 | AA22: =Y22/$P22 -> 0.85356971 | AB22: =IF(AA22<0.85,1,IF(AA22<0.95,1.2,1.7)) -> 1.2 | AC22: =P22-H22 -> 9.4857698 | AD22: =IF(AC22<12,1,IF(AC22<18,1.2,1.7)) -> 1 | AE22: =AC22/P22 -> 0.95965862 | AF22: =IF(AE22<0.85,1,IF(AE22<0.95,1.2,1.7)) -> 1.7
A23: 69 | B23: =(Stage4to1!J21+Stage3to1!J21+Stage2to1!J21+Stage1to1!J21)/(Stage4to1!F21+Stage3to1!F21+Stage2to1!F21+Stage1to1!F21) -> 4.1844272 | C23: =Stage4to1!F21+Stage3to1!F21+Stage2to1!F21+Stage1to1!F21 -> 380.80405 | D23: =(Stage4to1!K21+Stage3to1!K21+Stage2to1!K21+Stage1to1!K21+Stage4to2!K21+Stage3to2!K21+Stage2to2!K21)/(Stage4to1!G21+Stage3to1!G21+Stage2to1!G21+Stage1to1!G21+Stage4to2!G21+Stage3to2!G21+Stage2to2!G21) -> 2.486121 | E23: =Stage4to1!G21+Stage3to1!G21+Stage2to1!G21+Stage1to1!G21+Stage4to2!G21+Stage3to2!G21+Stage2to2!G21 -> 370.00512 | F23: =(Stage4to1!L21+Stage3to1!L21+Stage2to1!L21+Stage1to1!L21+Stage4to2!L21+Stage3to2!L21+Stage2to2!L21+Stage4to3!L21+Stage3to3!L21)/(Stage4to1!H21+Stage3to1!H21+Stage2to1!H21+Stage1to1!H21+Stage4to2!H21+Stage3to2!H21+Stage2to2!H21+Stage4to3!H21+Stage3to3!H21) -> 1.4466231 | G23: =Stage4to1!H21+Stage3to1!H21+Stage2to1!H21+Stage1to1!H21+Stage4to2!H21+Stage3to2!H21+Stage2to2!H21+Stage4to3!H21+Stage3to3!H21 -> 426.63485 | H23: =(Stage4to1!M21+Stage3to1!M21+Stage2to1!M21+Stage1to1!M21+Stage4to2!M21+Stage3to2!M21+Stage2to2!M21+Stage4to3!M21+Stage3to3!M21+Stage4to4!M21)/(Stage4to1!I21+Stage3to1!I21+Stage2to1!I21+Stage1to1!I21+Stage4to2!I21+Stage3to2!I21+Stage2to2!I21+Stage4to3!I21+Stage3to3!I21+Stage4to4!I21) -> 0.39875891 | I23: =Stage4to1!I21+Stage3to1!I21+Stage2to1!I21+Stage1to1!I21+Stage4to2!I21+Stage3to2!I21+Stage2to2!I21+Stage4to3!I21+Stage3to3!I21+Stage4to4!I21 -> 470.77621 | K23: =SUM(C23+E23+G23+I23) -> 1648.2202 | L23: =SUM(I23) -> 470.77621 | M23: =ROUND((L23/K23)*100, 1) -> 28.6 | N23: 28.6 | O23: =SUM(N19:N23)/5 -> 49.04 | P23: 9.5200575 | Q23: =P23-B23 -> 5.3356303 | R23: =IF(Q23<12,1,IF(Q23<18,1.2,1.7)) -> 1 | S23: =Q23/P23 -> 0.56046199 | T23: =IF(S23<0.85,1,IF(S23<0.95,1.2,1.7)) -> 1 | U23: =P23-D23 -> 7.0339365 | V23: =IF(U23<12,1,IF(U23<18,1.2,1.7)) -> 1 | W23: =U23/$P23 -> 0.73885441 | X23: =IF(W23<0.85,1,IF(W23<0.95,1.2,1.7)) -> 1 | Y23: =P23-F23 -> 8.0734344 | Z23: =IF(Y23<12,1,IF(Y23<18,1.2,1.7)) -> 1 | AA23: =Y23/$P23 -> 0.84804471 | AB23: =IF(AA23<0.85,1,IF(AA23<0.95,1.2,1.7)) -> 1 | AC23: =P23-H23 -> 9.1212986 | AD23: =IF(AC23<12,1,IF(AC23<18,1.2,1.7)) -> 1 | AE23: =AC23/P23 -> 0.95811381 | AF23: =IF(AE23<0.85,1,IF(AE23<0.95,1.2,1.7)) -> 1.7
A24: 70 | B24: =(Stage4to1!J22+Stage3to1!J22+Stage2to1!J22+Stage1to1!J22)/(Stage4to1!F22+Stage3to1!F22+Stage2to1!F22+Stage1to1!F22) -> 3.8725819 | C24: =Stage4to1!F22+Stage3to1!F22+Stage2to1!F22+Stage1to1!F22 -> 510.27816 | D24: =(Stage4to1!K22+Stage3to1!K22+Stage2to1!K22+Stage1to1!K22+Stage4to2!K22+Stage3to2!K22+Stage2to2!K22)/(Stage4to1!G22+Stage3to1!G22+Stage2to1!G22+Stage1to1!G22+Stage4to2!G22+Stage3to2!G22+Stage2to2!G22) -> 2.3485472 | E24: =Stage4to1!G22+Stage3to1!G22+Stage2to1!G22+Stage1to1!G22+Stage4to2!G22+Stage3to2!G22+Stage2to2!G22 -> 514.17628 | F24: =(Stage4to1!L22+Stage3to1!L22+Stage2to1!L22+Stage1to1!L22+Stage4to2!L22+Stage3to2!L22+Stage2to2!L22+Stage4to3!L22+Stage3to3!L22)/(Stage4to1!H22+Stage3to1!H22+Stage2to1!H22+Stage1to1!H22+Stage4to2!H22+Stage3to2!H22+Stage2to2!H22+Stage4to3!H22+Stage3to3!H22) -> 1.3521651 | G24: =Stage4to1!H22+Stage3to1!H22+Stage2to1!H22+Stage1to1!H22+Stage4to2!H22+Stage3to2!H22+Stage2to2!H22+Stage4to3!H22+Stage3to3!H22 -> 594.79407 | H24: =(Stage4to1!M22+Stage3to1!M22+Stage2to1!M22+Stage1to1!M22+Stage4to2!M22+Stage3to2!M22+Stage2to2!M22+Stage4to3!M22+Stage3to3!M22+Stage4to4!M22)/(Stage4to1!I22+Stage3to1!I22+Stage2to1!I22+Stage1to1!I22+Stage4to2!I22+Stage3to2!I22+Stage2to2!I22+Stage4to3!I22+Stage3to3!I22+Stage4to4!I22) -> 0.36895573 | I24: =Stage4to1!I22+Stage3to1!I22+Stage2to1!I22+Stage1to1!I22+Stage4to2!I22+Stage3to2!I22+Stage2to2!I22+Stage4to3!I22+Stage3to3!I22+Stage4to4!I22 -> 654.07186 | K24: =SUM(C24+E24+G24+I24) -> 2273.3204 | L24: =SUM(G24+I24) -> 1248.8659 | M24: =ROUND((L24/K24)*100, 1) -> 54.9 | N24: 54.9 | P24: 9.1530411 | Q24: =P24-B24 -> 5.2804592 | R24: =IF(Q24<12,1,IF(Q24<18,1.2,1.7)) -> 1 | S24: =Q24/P24 -> 0.57690762 | T24: =IF(S24<0.85,1,IF(S24<0.95,1.2,1.7)) -> 1 | U24: =P24-D24 -> 6.8044939 | V24: =IF(U24<12,1,IF(U24<18,1.2,1.7)) -> 1 | W24: =U24/$P24 -> 0.74341345 | X24: =IF(W24<0.85,1,IF(W24<0.95,1.2,1.7)) -> 1 | Y24: =P24-F24 -> 7.800876 | Z24: =IF(Y24<12,1,IF(Y24<18,1.2,1.7)) -> 1 | AA24: =Y24/$P24 -> 0.8522715 | AB24: =IF(AA24<0.85,1,IF(AA24<0.95,1.2,1.7)) -> 1.2 | AC24: =P24-H24 -> 8.7840853 | AD24: =IF(AC24<12,1,IF(AC24<18,1.2,1.7)) -> 1 | AE24: =AC24/P24 -> 0.95969037 | AF24: =IF(AE24<0.85,1,IF(AE24<0.95,1.2,1.7)) -> 1.7
A25: 71 | B25: =(Stage4to1!J23+Stage3to1!J23+Stage2to1!J23+Stage1to1!J23)/(Stage4to1!F23+Stage3to1!F23+Stage2to1!F23+Stage1to1!F23) -> 3.8595634 | C25: =Stage4to1!F23+Stage3to1!F23+Stage2to1!F23+Stage1to1!F23 -> 505.09257 | D25: =(Stage4to1!K23+Stage3to1!K23+Stage2to1!K23+Stage1to1!K23+Stage4to2!K23+Stage3to2!K23+Stage2to2!K23)/(Stage4to1!G23+Stage3to1!G23+Stage2to1!G23+Stage1to1!G23+Stage4to2!G23+Stage3to2!G23+Stage2to2!G23) -> 2.3444542 | E25: =Stage4to1!G23+Stage3to1!G23+Stage2to1!G23+Stage1to1!G23+Stage4to2!G23+Stage3to2!G23+Stage2to2!G23 -> 511.56437 | F25: =(Stage4to1!L23+Stage3to1!L23+Stage2to1!L23+Stage1to1!L23+Stage4to2!L23+Stage3to2!L23+Stage2to2!L23+Stage4to3!L23+Stage3to3!L23)/(Stage4to1!H23+Stage3to1!H23+Stage2to1!H23+Stage1to1!H23+Stage4to2!H23+Stage3to2!H23+Stage2to2!H23+Stage4to3!H23+Stage3to3!H23) -> 1.3508562 | G25: =Stage4to1!H23+Stage3to1!H23+Stage2to1!H23+Stage1to1!H23+Stage4to2!H23+Stage3to2!H23+Stage2to2!H23+Stage4to3!H23+Stage3to3!H23 -> 593.516 | H25: =(Stage4to1!M23+Stage3to1!M23+Stage2to1!M23+Stage1to1!M23+Stage4to2!M23+Stage3to2!M23+Stage2to2!M23+Stage4to3!M23+Stage3to3!M23+Stage4to4!M23)/(Stage4to1!I23+Stage3to1!I23+Stage2to1!I23+Stage1to1!I23+Stage4to2!I23+Stage3to2!I23+Stage2to2!I23+Stage4to3!I23+Stage3to3!I23+Stage4to4!I23) -> 0.36896117 | I25: =Stage4to1!I23+Stage3to1!I23+Stage2to1!I23+Stage1to1!I23+Stage4to2!I23+Stage3to2!I23+Stage2to2!I23+Stage4to3!I23+Stage3to3!I23+Stage4to4!I23 -> 653.86165 | K25: =SUM(C25+E25+G25+I25) -> 2264.0346 | L25: =SUM(I25) -> 653.86165 | M25: =ROUND((L25/K25)*100, 1) -> 28.9 | N25: 28.9 | P25: 8.7820777 | Q25: =P25-B25 -> 4.9225142 | R25: =IF(Q25<12,1,IF(Q25<18,1.2,1.7)) -> 1 | S25: =Q25/P25 -> 0.56051818 | T25: =IF(S25<0.85,1,IF(S25<0.95,1.2,1.7)) -> 1 | U25: =P25-D25 -> 6.4376234 | V25: =IF(U25<12,1,IF(U25<18,1.2,1.7)) -> 1 | W25: =U25/$P25 -> 0.73304105 | X25: =IF(W25<0.85,1,IF(W25<0.95,1.2,1.7)) -> 1 | Y25: =P25-F25 -> 7.4312215 | Z25: =IF(Y25<12,1,IF(Y25<18,1.2,1.7)) -> 1 | AA25: =Y25/$P25 -> 0.84618034 | AB25: =IF(AA25<0.85,1,IF(AA25<0.95,1.2,1.7)) -> 1 | AC25: =P25-H25 -> 8.4131165 | AD25: =IF(AC25<12,1,IF(AC25<18,1.2,1.7)) -> 1 | AE25: =AC25/P25 -> 0.95798703 | AF25: =IF(AE25<0.85,1,IF(AE25<0.95,1.2,1.7)) -> 1.7
A26: 72 | B26: =(Stage4to1!J24+Stage3to1!J24+Stage2to1!J24+Stage1to1!J24)/(Stage4to1!F24+Stage3to1!F24+Stage2to1!F24+Stage1to1!F24) -> 3.8456671 | C26: =Stage4to1!F24+Stage3to1!F24+Stage2to1!F24+Stage1to1!F24 -> 499.06893 | D26: =(Stage4to1!K24+Stage3to1!K24+Stage2to1!K24+Stage1to1!K24+Stage4to2!K24+Stage3to2!K24+Stage2to2!K24)/(Stage4to1!G24+Stage3to1!G24+Stage2to1!G24+Stage1to1!G24+Stage4to2!G24+Stage3to2!G24+Stage2to2!G24) -> 2.3399955 | E26: =Stage4to1!G24+Stage3to1!G24+Stage2to1!G24+Stage1to1!G24+Stage4to2!G24+Stage3to2!G24+Stage2to2!G24 -> 508.27741 | F26: =(Stage4to1!L24+Stage3to1!L24+Stage2to1!L24+Stage1to1!L24+Stage4to2!L24+Stage3to2!L24+Stage2to2!L24+Stage4to3!L24+Stage3to3!L24)/(Stage4to1!H24+Stage3to1!H24+Stage2to1!H24+Stage1to1!H24+Stage4to2!H24+Stage3to2!H24+Stage2to2!H24+Stage4to3!H24+Stage3to3!H24) -> 1.3492271 | G26: =Stage4to1!H24+Stage3to1!H24+Stage2to1!H24+Stage1to1!H24+Stage4to2!H24+Stage3to2!H24+Stage2to2!H24+Stage4to3!H24+Stage3to3!H24 -> 591.83069 | H26: =(Stage4to1!M24+Stage3to1!M24+Stage2to1!M24+Stage1to1!M24+Stage4to2!M24+Stage3to2!M24+Stage2to2!M24+Stage4to3!M24+Stage3to3!M24+Stage4to4!M24)/(Stage4to1!I24+Stage3to1!I24+Stage2to1!I24+Stage1to1!I24+Stage4to2!I24+Stage3to2!I24+Stage2to2!I24+Stage4to3!I24+Stage3to3!I24+Stage4to4!I24) -> 0.36896859 | I26: =Stage4to1!I24+Stage3to1!I24+Stage2to1!I24+Stage1to1!I24+Stage4to2!I24+Stage3to2!I24+Stage2to2!I24+Stage4to3!I24+Stage3to3!I24+Stage4to4!I24 -> 653.58785 | K26: =SUM(C26+E26+G26+I26) -> 2252.7649 | L26: =SUM(I26) -> 653.58785 | M26: =ROUND((L26/K26)*100, 1) -> 29 | N26: 29 | P26: 8.409659 | Q26: =P26-B26 -> 4.5639919 | R26: =IF(Q26<12,1,IF(Q26<18,1.2,1.7)) -> 1 | S26: =Q26/P26 -> 0.54270832 | T26: =IF(S26<0.85,1,IF(S26<0.95,1.2,1.7)) -> 1 | U26: =P26-D26 -> 6.0696635 | V26: =IF(U26<12,1,IF(U26<18,1.2,1.7)) -> 1 | W26: =U26/$P26 -> 0.72174906 | X26: =IF(W26<0.85,1,IF(W26<0.95,1.2,1.7)) -> 1 | Y26: =P26-F26 -> 7.060432 | Z26: =IF(Y26<12,1,IF(Y26<18,1.2,1.7)) -> 1 | AA26: =Y26/$P26 -> 0.83956221 | AB26: =IF(AA26<0.85,1,IF(AA26<0.95,1.2,1.7)) -> 1 | AC26: =P26-H26 -> 8.0406904 | AD26: =IF(AC26<12,1,IF(AC26<18,1.2,1.7)) -> 1 | AE26: =AC26/P26 -> 0.95612562 | AF26: =IF(AE26<0.85,1,IF(AE26<0.95,1.2,1.7)) -> 1.7
A27: 73 | B27: =(Stage4to1!J25+Stage3to1!J25+Stage2to1!J25+Stage1to1!J25)/(Stage4to1!F25+Stage3to1!F25+Stage2to1!F25+Stage1to1!F25) -> 3.8308378 | C27: =Stage4to1!F25+Stage3to1!F25+Stage2to1!F25+Stage1to1!F25 -> 492.17684 | D27: =(Stage4to1!K25+Stage3to1!K25+Stage2to1!K25+Stage1to1!K25+Stage4to2!K25+Stage3to2!K25+Stage2to2!K25)/(Stage4to1!G25+Stage3to1!G25+Stage2to1!G25+Stage1to1!G25+Stage4to2!G25+Stage3to2!G25+Stage2to2!G25) -> 2.3354657 | E27: =Stage4to1!G25+Stage3to1!G25+Stage2to1!G25+Stage1to1!G25+Stage4to2!G25+Stage3to2!G25+Stage2to2!G25 -> 504.19314 | F27: =(Stage4to1!L25+Stage3to1!L25+Stage2to1!L25+Stage1to1!L25+Stage4to2!L25+Stage3to2!L25+Stage2to2!L25+Stage4to3!L25+Stage3to3!L25)/(Stage4to1!H25+Stage3to1!H25+Stage2to1!H25+Stage1to1!H25+Stage4to2!H25+Stage3to2!H25+Stage2to2!H25+Stage4to3!H25+Stage3to3!H25) -> 1.3475927 | G27: =Stage4to1!H25+Stage3to1!H25+Stage2to1!H25+Stage1to1!H25+Stage4to2!H25+Stage3to2!H25+Stage2to2!H25+Stage4to3!H25+Stage3to3!H25 -> 589.32605 | H27: =(Stage4to1!M25+Stage3to1!M25+Stage2to1!M25+Stage1to1!M25+Stage4to2!M25+Stage3to2!M25+Stage2to2!M25+Stage4to3!M25+Stage3to3!M25+Stage4to4!M25)/(Stage4to1!I25+Stage3to1!I25+Stage2to1!I25+Stage1to1!I25+Stage4to2!I25+Stage3to2!I25+Stage2to2!I25+Stage4to3!I25+Stage3to3!I25+Stage4to4!I25) -> 0.36897999 | I27: =Stage4to1!I25+Stage3to1!I25+Stage2to1!I25+Stage1to1!I25+Stage4to2!I25+Stage3to2!I25+Stage2to2!I25+Stage4to3!I25+Stage3to3!I25+Stage4to4!I25 -> 653.09607 | K27: =SUM(C27+E27+G27+I27) -> 2238.7921 | L27: =SUM(I27) -> 653.09607 | M27: =ROUND((L27/K27)*100, 1) -> 29.2 | N27: 29.2 | P27: 8.0383277 | Q27: =P27-B27 -> 4.2074899 | R27: =IF(Q27<12,1,IF(Q27<18,1.2,1.7)) -> 1 | S27: =Q27/P27 -> 0.52342851 | T27: =IF(S27<0.85,1,IF(S27<0.95,1.2,1.7)) -> 1 | U27: =P27-D27 -> 5.7028621 | V27: =IF(U27<12,1,IF(U27<18,1.2,1.7)) -> 1 | W27: =U27/$P27 -> 0.70945877 | X27: =IF(W27<0.85,1,IF(W27<0.95,1.2,1.7)) -> 1 | Y27: =P27-F27 -> 6.690735 | Z27: =IF(Y27<12,1,IF(Y27<18,1.2,1.7)) -> 1 | AA27: =Y27/$P27 -> 0.8323541 | AB27: =IF(AA27<0.85,1,IF(AA27<0.95,1.2,1.7)) -> 1 | AC27: =P27-H27 -> 7.6693477 | AD27: =IF(AC27<12,1,IF(AC27<18,1.2,1.7)) -> 1 | AE27: =AC27/P27 -> 0.95409742 | AF27: =IF(AE27<0.85,1,IF(AE27<0.95,1.2,1.7)) -> 1.7
A28: 74 | B28: =(Stage4to1!J26+Stage3to1!J26+Stage2to1!J26+Stage1to1!J26)/(Stage4to1!F26+Stage3to1!F26+Stage2to1!F26+Stage1to1!F26) -> 3.8143884 | C28: =Stage4to1!F26+Stage3to1!F26+Stage2to1!F26+Stage1to1!F26 -> 485.38705 | D28: =(Stage4to1!K26+Stage3to1!K26+Stage2to1!K26+Stage1to1!K26+Stage4to2!K26+Stage3to2!K26+Stage2to2!K26)/(Stage4to1!G26+Stage3to1!G26+Stage2to1!G26+Stage1to1!G26+Stage4to2!G26+Stage3to2!G26+Stage2to2!G26) -> 2.3302481 | E28: =Stage4to1!G26+Stage3to1!G26+Stage2to1!G26+Stage1to1!G26+Stage4to2!G26+Stage3to2!G26+Stage2to2!G26 -> 500.51889 | F28: =(Stage4to1!L26+Stage3to1!L26+Stage2to1!L26+Stage1to1!L26+Stage4to2!L26+Stage3to2!L26+Stage2to2!L26+Stage4to3!L26+Stage3to3!L26)/(Stage4to1!H26+Stage3to1!H26+Stage2to1!H26+Stage1to1!H26+Stage4to2!H26+Stage3to2!H26+Stage2to2!H26+Stage4to3!H26+Stage3to3!H26) -> 1.3459402 | G28: =Stage4to1!H26+Stage3to1!H26+Stage2to1!H26+Stage1to1!H26+Stage4to2!H26+Stage3to2!H26+Stage2to2!H26+Stage4to3!H26+Stage3to3!H26 -> 587.2901 | H28: =(Stage4to1!M26+Stage3to1!M26+Stage2to1!M26+Stage1to1!M26+Stage4to2!M26+Stage3to2!M26+Stage2to2!M26+Stage4to3!M26+Stage3to3!M26+Stage4to4!M26)/(Stage4to1!I26+Stage3to1!I26+Stage2to1!I26+Stage1to1!I26+Stage4to2!I26+Stage3to2!I26+Stage2to2!I26+Stage4to3!I26+Stage3to3!I26+Stage4to4!I26) -> 0.36898899 | I28: =Stage4to1!I26+Stage3to1!I26+Stage2to1!I26+Stage1to1!I26+Stage4to2!I26+Stage3to2!I26+Stage2to2!I26+Stage4to3!I26+Stage3to3!I26+Stage4to4!I26 -> 652.71649 | K28: =SUM(C28+E28+G28+I28) -> 2225.9125 | L28: =SUM(I28) -> 652.71649 | M28: =ROUND((L28/K28)*100, 1) -> 29.3 | N28: 29.3 | O28: =SUM(N24:N28)/5 -> 34.26 | P28: 7.6737155 | Q28: =P28-B28 -> 3.8593271 | R28: =IF(Q28<12,1,IF(Q28<18,1.2,1.7)) -> 1 | S28: =Q28/P28 -> 0.50292809 | T28: =IF(S28<0.85,1,IF(S28<0.95,1.2,1.7)) -> 1 | U28: =P28-D28 -> 5.3434674 | V28: =IF(U28<12,1,IF(U28<18,1.2,1.7)) -> 1 | W28: =U28/$P28 -> 0.69633379 | X28: =IF(W28<0.85,1,IF(W28<0.95,1.2,1.7)) -> 1 | Y28: =P28-F28 -> 6.3277753 | Z28: =IF(Y28<12,1,IF(Y28<18,1.2,1.7)) -> 1 | AA28: =Y28/$P28 -> 0.82460385 | AB28: =IF(AA28<0.85,1,IF(AA28<0.95,1.2,1.7)) -> 1 | AC28: =P28-H28 -> 7.3047265 | AD28: =IF(AC28<12,1,IF(AC28<18,1.2,1.7)) -> 1 | AE28: =AC28/P28 -> 0.95191521 | AF28: =IF(AE28<0.85,1,IF(AE28<0.95,1.2,1.7)) -> 1.7
A29: 75 | B29: =(Stage4to1!J27+Stage3to1!J27+Stage2to1!J27+Stage1to1!J27)/(Stage4to1!F27+Stage3to1!F27+Stage2to1!F27+Stage1to1!F27) -> 3.3718683 | C29: =Stage4to1!F27+Stage3to1!F27+Stage2to1!F27+Stage1to1!F27 -> 560.07538 | D29: =(Stage4to1!K27+Stage3to1!K27+Stage2to1!K27+Stage1to1!K27+Stage4to2!K27+Stage3to2!K27+Stage2to2!K27)/(Stage4to1!G27+Stage3to1!G27+Stage2to1!G27+Stage1to1!G27+Stage4to2!G27+Stage3to2!G27+Stage2to2!G27) -> 2.0749982 | E29: =Stage4to1!G27+Stage3to1!G27+Stage2to1!G27+Stage1to1!G27+Stage4to2!G27+Stage3to2!G27+Stage2to2!G27 -> 607.19459 | F29: =(Stage4to1!L27+Stage3to1!L27+Stage2to1!L27+Stage1to1!L27+Stage4to2!L27+Stage3to2!L27+Stage2to2!L27+Stage4to3!L27+Stage3to3!L27)/(Stage4to1!H27+Stage3to1!H27+Stage2to1!H27+Stage1to1!H27+Stage4to2!H27+Stage3to2!H27+Stage2to2!H27+Stage4to3!H27+Stage3to3!H27) -> 1.2203524 | G29: =Stage4to1!H27+Stage3to1!H27+Stage2to1!H27+Stage1to1!H27+Stage4to2!H27+Stage3to2!H27+Stage2to2!H27+Stage4to3!H27+Stage3to3!H27 -> 723.35262 | H29: =(Stage4to1!M27+Stage3to1!M27+Stage2to1!M27+Stage1to1!M27+Stage4to2!M27+Stage3to2!M27+Stage2to2!M27+Stage4to3!M27+Stage3to3!M27+Stage4to4!M27)/(Stage4to1!I27+Stage3to1!I27+Stage2to1!I27+Stage1to1!I27+Stage4to2!I27+Stage3to2!I27+Stage2to2!I27+Stage4to3!I27+Stage3to3!I27+Stage4to4!I27) -> 0.31361543 | I29: =Stage4to1!I27+Stage3to1!I27+Stage2to1!I27+Stage1to1!I27+Stage4to2!I27+Stage3to2!I27+Stage2to2!I27+Stage4to3!I27+Stage3to3!I27+Stage4to4!I27 -> 800.40852 | K29: =SUM(C29+E29+G29+I29) -> 2691.0311 | L29: =SUM(I29) -> 800.40852 | M29: =ROUND((L29/K29)*100, 1) -> 29.7 | N29: 29.7 | P29: 7.3079651 | Q29: =P29-B29 -> 3.9360968 | R29: =IF(Q29<12,1,IF(Q29<18,1.2,1.7)) -> 1 | S29: =Q29/P29 -> 0.53860366 | T29: =IF(S29<0.85,1,IF(S29<0.95,1.2,1.7)) -> 1 | U29: =P29-D29 -> 5.2329669 | V29: =IF(U29<12,1,IF(U29<18,1.2,1.7)) -> 1 | W29: =U29/$P29 -> 0.71606348 | X29: =IF(W29<0.85,1,IF(W29<0.95,1.2,1.7)) -> 1 | Y29: =P29-F29 -> 6.0876127 | Z29: =IF(Y29<12,1,IF(Y29<18,1.2,1.7)) -> 1 | AA29: =Y29/$P29 -> 0.83301065 | AB29: =IF(AA29<0.85,1,IF(AA29<0.95,1.2,1.7)) -> 1 | AC29: =P29-H29 -> 6.9943497 | AD29: =IF(AC29<12,1,IF(AC29<18,1.2,1.7)) -> 1 | AE29: =AC29/P29 -> 0.95708581 | AF29: =IF(AE29<0.85,1,IF(AE29<0.95,1.2,1.7)) -> 1.7
A30: 76 | B30: =(Stage4to1!J28+Stage3to1!J28+Stage2to1!J28+Stage1to1!J28)/(Stage4to1!F28+Stage3to1!F28+Stage2to1!F28+Stage1to1!F28) -> 3.3534077 | C30: =Stage4to1!F28+Stage3to1!F28+Stage2to1!F28+Stage1to1!F28 -> 550.69201 | D30: =(Stage4to1!K28+Stage3to1!K28+Stage2to1!K28+Stage1to1!K28+Stage4to2!K28+Stage3to2!K28+Stage2to2!K28)/(Stage4to1!G28+Stage3to1!G28+Stage2to1!G28+Stage1to1!G28+Stage4to2!G28+Stage3to2!G28+Stage2to2!G28) -> 2.0689571 | E30: =Stage4to1!G28+Stage3to1!G28+Stage2to1!G28+Stage1to1!G28+Stage4to2!G28+Stage3to2!G28+Stage2to2!G28 -> 601.17907 | F30: =(Stage4to1!L28+Stage3to1!L28+Stage2to1!L28+Stage1to1!L28+Stage4to2!L28+Stage3to2!L28+Stage2to2!L28+Stage4to3!L28+Stage3to3!L28)/(Stage4to1!H28+Stage3to1!H28+Stage2to1!H28+Stage1to1!H28+Stage4to2!H28+Stage3to2!H28+Stage2to2!H28+Stage4to3!H28+Stage3to3!H28) -> 1.2180954 | G30: =Stage4to1!H28+Stage3to1!H28+Stage2to1!H28+Stage1to1!H28+Stage4to2!H28+Stage3to2!H28+Stage2to2!H28+Stage4to3!H28+Stage3to3!H28 -> 719.84489 | H30: =(Stage4to1!M28+Stage3to1!M28+Stage2to1!M28+Stage1to1!M28+Stage4to2!M28+Stage3to2!M28+Stage2to2!M28+Stage4to3!M28+Stage3to3!M28+Stage4to4!M28)/(Stage4to1!I28+Stage3to1!I28+Stage2to1!I28+Stage1to1!I28+Stage4to2!I28+Stage3to2!I28+Stage2to2!I28+Stage4to3!I28+Stage3to3!I28+Stage4to4!I28) -> 0.31362627 | I30: =Stage4to1!I28+Stage3to1!I28+Stage2to1!I28+Stage1to1!I28+Stage4to2!I28+Stage3to2!I28+Stage2to2!I28+Stage4to3!I28+Stage3to3!I28+Stage4to4!I28 -> 799.77522 | K30: =SUM(C30+E30+G30+I30) -> 2671.4912 | L30: =SUM(I30) -> 799.77522 | M30: =ROUND((L30/K30)*100, 1) -> 29.9 | N30: 29.9 | P30: 6.9454341 | Q30: =P30-B30 -> 3.5920265 | R30: =IF(Q30<12,1,IF(Q30<18,1.2,1.7)) -> 1 | S30: =Q30/P30 -> 0.5171781 | T30: =IF(S30<0.85,1,IF(S30<0.95,1.2,1.7)) -> 1 | U30: =P30-D30 -> 4.8764771 | V30: =IF(U30<12,1,IF(U30<18,1.2,1.7)) -> 1 | W30: =U30/$P30 -> 0.70211263 | X30: =IF(W30<0.85,1,IF(W30<0.95,1.2,1.7)) -> 1 | Y30: =P30-F30 -> 5.7273387 | Z30: =IF(Y30<12,1,IF(Y30<18,1.2,1.7)) -> 1 | AA30: =Y30/$P30 -> 0.82461926 | AB30: =IF(AA30<0.85,1,IF(AA30<0.95,1.2,1.7)) -> 1 | AC30: =P30-H30 -> 6.6318079 | AD30: =IF(AC30<12,1,IF(AC30<18,1.2,1.7)) -> 1 | AE30: =AC30/P30 -> 0.95484425 | AF30: =IF(AE30<0.85,1,IF(AE30<0.95,1.2,1.7)) -> 1.7
A31: 77 | B31: =(Stage4to1!J29+Stage3to1!J29+Stage2to1!J29+Stage1to1!J29)/(Stage4to1!F29+Stage3to1!F29+Stage2to1!F29+Stage1to1!F29) -> 3.3333232 | C31: =Stage4to1!F29+Stage3to1!F29+Stage2to1!F29+Stage1to1!F29 -> 540.64189 | D31: =(Stage4to1!K29+Stage3to1!K29+Stage2to1!K29+Stage1to1!K29+Stage4to2!K29+Stage3to2!K29+Stage2to2!K29)/(Stage4to1!G29+Stage3to1!G29+Stage2to1!G29+Stage1to1!G29+Stage4to2!G29+Stage3to2!G29+Stage2to2!G29) -> 2.0626798 | E31: =Stage4to1!G29+Stage3to1!G29+Stage2to1!G29+Stage1to1!G29+Stage4to2!G29+Stage3to2!G29+Stage2to2!G29 -> 594.56525 | F31: =(Stage4to1!L29+Stage3to1!L29+Stage2to1!L29+Stage1to1!L29+Stage4to2!L29+Stage3to2!L29+Stage2to2!L29+Stage4to3!L29+Stage3to3!L29)/(Stage4to1!H29+Stage3to1!H29+Stage2to1!H29+Stage1to1!H29+Stage4to2!H29+Stage3to2!H29+Stage2to2!H29+Stage4to3!H29+Stage3to3!H29) -> 1.2157917 | G31: =Stage4to1!H29+Stage3to1!H29+Stage2to1!H29+Stage1to1!H29+Stage4to2!H29+Stage3to2!H29+Stage2to2!H29+Stage4to3!H29+Stage3to3!H29 -> 715.72337 | H31: =(Stage4to1!M29+Stage3to1!M29+Stage2to1!M29+Stage1to1!M29+Stage4to2!M29+Stage3to2!M29+Stage2to2!M29+Stage4to3!M29+Stage3to3!M29+Stage4to4!M29)/(Stage4to1!I29+Stage3to1!I29+Stage2to1!I29+Stage1to1!I29+Stage4to2!I29+Stage3to2!I29+Stage2to2!I29+Stage4to3!I29+Stage3to3!I29+Stage4to4!I29) -> 0.31363921 | I31: =Stage4to1!I29+Stage3to1!I29+Stage2to1!I29+Stage1to1!I29+Stage4to2!I29+Stage3to2!I29+Stage2to2!I29+Stage4to3!I29+Stage3to3!I29+Stage4to4!I29 -> 798.98196 | K31: =SUM(C31+E31+G31+I31) -> 2649.9125 | L31: =SUM(I31) -> 798.98196 | M31: =ROUND((L31/K31)*100, 1) -> 30.2 | N31: 30.2 | P31: 6.5885521 | Q31: =P31-B31 -> 3.2552289 | R31: =IF(Q31<12,1,IF(Q31<18,1.2,1.7)) -> 1 | S31: =Q31/P31 -> 0.49407349 | T31: =IF(S31<0.85,1,IF(S31<0.95,1.2,1.7)) -> 1 | U31: =P31-D31 -> 4.5258723 | V31: =IF(U31<12,1,IF(U31<18,1.2,1.7)) -> 1 | W31: =U31/$P31 -> 0.68692973 | X31: =IF(W31<0.85,1,IF(W31<0.95,1.2,1.7)) -> 1 | Y31: =P31-F31 -> 5.3727604 | Z31: =IF(Y31<12,1,IF(Y31<18,1.2,1.7)) -> 1 | AA31: =Y31/$P31 -> 0.81546906 | AB31: =IF(AA31<0.85,1,IF(AA31<0.95,1.2,1.7)) -> 1 | AC31: =P31-H31 -> 6.2749129 | AD31: =IF(AC31<12,1,IF(AC31<18,1.2,1.7)) -> 1 | AE31: =AC31/P31 -> 0.95239634 | AF31: =IF(AE31<0.85,1,IF(AE31<0.95,1.2,1.7)) -> 1.7
A32: 78 | B32: =(Stage4to1!J30+Stage3to1!J30+Stage2to1!J30+Stage1to1!J30)/(Stage4to1!F30+Stage3to1!F30+Stage2to1!F30+Stage1to1!F30) -> 3.3107947 | C32: =Stage4to1!F30+Stage3to1!F30+Stage2to1!F30+Stage1to1!F30 -> 530.39565 | D32: =(Stage4to1!K30+Stage3to1!K30+Stage2to1!K30+Stage1to1!K30+Stage4to2!K30+Stage3to2!K30+Stage2to2!K30)/(Stage4to1!G30+Stage3to1!G30+Stage2to1!G30+Stage1to1!G30+Stage4to2!G30+Stage3to2!G30+Stage2to2!G30) -> 2.055702 | E32: =Stage4to1!G30+Stage3to1!G30+Stage2to1!G30+Stage1to1!G30+Stage4to2!G30+Stage3to2!G30+Stage2to2!G30 -> 588.12222 | F32: =(Stage4to1!L30+Stage3to1!L30+Stage2to1!L30+Stage1to1!L30+Stage4to2!L30+Stage3to2!L30+Stage2to2!L30+Stage4to3!L30+Stage3to3!L30)/(Stage4to1!H30+Stage3to1!H30+Stage2to1!H30+Stage1to1!H30+Stage4to2!H30+Stage3to2!H30+Stage2to2!H30+Stage4to3!H30+Stage3to3!H30) -> 1.2134982 | G32: =Stage4to1!H30+Stage3to1!H30+Stage2to1!H30+Stage1to1!H30+Stage4to2!H30+Stage3to2!H30+Stage2to2!H30+Stage4to3!H30+Stage3to3!H30 -> 711.79441 | H32: =(Stage4to1!M30+Stage3to1!M30+Stage2to1!M30+Stage1to1!M30+Stage4to2!M30+Stage3to2!M30+Stage2to2!M30+Stage4to3!M30+Stage3to3!M30+Stage4to4!M30)/(Stage4to1!I30+Stage3to1!I30+Stage2to1!I30+Stage1to1!I30+Stage4to2!I30+Stage3to2!I30+Stage2to2!I30+Stage4to3!I30+Stage3to3!I30+Stage4to4!I30) -> 0.31365146 | I32: =Stage4to1!I30+Stage3to1!I30+Stage2to1!I30+Stage1to1!I30+Stage4to2!I30+Stage3to2!I30+Stage2to2!I30+Stage4to3!I30+Stage3to3!I30+Stage4to4!I30 -> 798.22176 | K32: =SUM(C32+E32+G32+I32) -> 2628.534 | L32: =SUM(I32) -> 798.22176 | M32: =ROUND((L32/K32)*100, 1) -> 30.4 | N32: 30.4 | P32: 6.2360656 | Q32: =P32-B32 -> 2.925271 | R32: =IF(Q32<12,1,IF(Q32<18,1.2,1.7)) -> 1 | S32: =Q32/P32 -> 0.46908919 | T32: =IF(S32<0.85,1,IF(S32<0.95,1.2,1.7)) -> 1 | U32: =P32-D32 -> 4.1803636 | V32: =IF(U32<12,1,IF(U32<18,1.2,1.7)) -> 1 | W32: =U32/$P32 -> 0.67035273 | X32: =IF(W32<0.85,1,IF(W32<0.95,1.2,1.7)) -> 1 | Y32: =P32-F32 -> 5.0225674 | Z32: =IF(Y32<12,1,IF(Y32<18,1.2,1.7)) -> 1 | AA32: =Y32/$P32 -> 0.80540644 | AB32: =IF(AA32<0.85,1,IF(AA32<0.95,1.2,1.7)) -> 1 | AC32: =P32-H32 -> 5.9224142 | AD32: =IF(AC32<12,1,IF(AC32<18,1.2,1.7)) -> 1 | AE32: =AC32/P32 -> 0.94970363 | AF32: =IF(AE32<0.85,1,IF(AE32<0.95,1.2,1.7)) -> 1.2
A33: 79 | B33: =(Stage4to1!J31+Stage3to1!J31+Stage2to1!J31+Stage1to1!J31)/(Stage4to1!F31+Stage3to1!F31+Stage2to1!F31+Stage1to1!F31) -> 3.2852929 | C33: =Stage4to1!F31+Stage3to1!F31+Stage2to1!F31+Stage1to1!F31 -> 519.57426 | D33: =(Stage4to1!K31+Stage3to1!K31+Stage2to1!K31+Stage1to1!K31+Stage4to2!K31+Stage3to2!K31+Stage2to2!K31)/(Stage4to1!G31+Stage3to1!G31+Stage2to1!G31+Stage1to1!G31+Stage4to2!G31+Stage3to2!G31+Stage2to2!G31) -> 2.0474032 | E33: =Stage4to1!G31+Stage3to1!G31+Stage2to1!G31+Stage1to1!G31+Stage4to2!G31+Stage3to2!G31+Stage2to2!G31 -> 581.64105 | F33: =(Stage4to1!L31+Stage3to1!L31+Stage2to1!L31+Stage1to1!L31+Stage4to2!L31+Stage3to2!L31+Stage2to2!L31+Stage4to3!L31+Stage3to3!L31)/(Stage4to1!H31+Stage3to1!H31+Stage2to1!H31+Stage1to1!H31+Stage4to2!H31+Stage3to2!H31+Stage2to2!H31+Stage4to3!H31+Stage3to3!H31) -> 1.2108912 | G33: =Stage4to1!H31+Stage3to1!H31+Stage2to1!H31+Stage1to1!H31+Stage4to2!H31+Stage3to2!H31+Stage2to2!H31+Stage4to3!H31+Stage3to3!H31 -> 708.22985 | H33: =(Stage4to1!M31+Stage3to1!M31+Stage2to1!M31+Stage1to1!M31+Stage4to2!M31+Stage3to2!M31+Stage2to2!M31+Stage4to3!M31+Stage3to3!M31+Stage4to4!M31)/(Stage4to1!I31+Stage3to1!I31+Stage2to1!I31+Stage1to1!I31+Stage4to2!I31+Stage3to2!I31+Stage2to2!I31+Stage4to3!I31+Stage3to3!I31+Stage4to4!I31) -> 0.31366231 | I33: =Stage4to1!I31+Stage3to1!I31+Stage2to1!I31+Stage1to1!I31+Stage4to2!I31+Stage3to2!I31+Stage2to2!I31+Stage4to3!I31+Stage3to3!I31+Stage4to4!I31 -> 797.58789 | K33: =SUM(C33+E33+G33+I33) -> 2607.0331 | L33: =SUM(I33) -> 797.58789 | M33: =ROUND((L33/K33)*100, 1) -> 30.6 | N33: 30.6 | O33: =SUM(N29:N33)/5 -> 30.16 | P33: 5.8903982 | Q33: =P33-B33 -> 2.6051053 | R33: =IF(Q33<12,1,IF(Q33<18,1.2,1.7)) -> 1 | S33: =Q33/P33 -> 0.44226301 | T33: =IF(S33<0.85,1,IF(S33<0.95,1.2,1.7)) -> 1 | U33: =P33-D33 -> 3.842995 | V33: =IF(U33<12,1,IF(U33<18,1.2,1.7)) -> 1 | W33: =U33/$P33 -> 0.65241685 | X33: =IF(W33<0.85,1,IF(W33<0.95,1.2,1.7)) -> 1 | Y33: =P33-F33 -> 4.679507 | Z33: =IF(Y33<12,1,IF(Y33<18,1.2,1.7)) -> 1 | AA33: =Y33/$P33 -> 0.79442966 | AB33: =IF(AA33<0.85,1,IF(AA33<0.95,1.2,1.7)) -> 1 | AC33: =P33-H33 -> 5.5767359 | AD33: =IF(AC33<12,1,IF(AC33<18,1.2,1.7)) -> 1 | AE33: =AC33/P33 -> 0.94675024 | AF33: =IF(AE33<0.85,1,IF(AE33<0.95,1.2,1.7)) -> 1.2
D36: Per 100,000 | N36: Simple average
A37: Total undiagnosed | B37: =SUM(C4:C33)+SUM(E4:E33)+SUM(G4:G33) +SUM(I4:I33) -> 42936.861 | D37: =B37/COUNTA(A4:A33) -> 1431.2287 | F37: 150 per 100,00 roughly in those 50 to 59 | N37: =SUM(M4:M33)/30 -> 46.476667
A38: Sum any modifier | B38: =SUM(G4:G22)+SUM(E4:E5)+SUM(G24)+SUM(I4:I33) -> 17402.141 | D38: =B38/COUNTA(A5:A34) -> 600.07383 | F38: 300 per 100,00 roughly in those 70 to79 | P38: =D37/300 -> 4.7707624 | Q38: 5 mutpplier
A39: Proportion | B39: =(B38/B37)*100 -> 40.529606 | F39: =34+33+32 -> 99 | G39: 3X multiplier
F40: =137+102+66 -> 305
F41: 19 | P41: =SUM(P29:P33)/5 -> 6.593683
F42: =48+44+32 -> 124
F43: =F42/F41 -> 6.5263158 | G43: 6X multiplier

Sheet QALYsForUndiagnosedCancer
B1: Undiagnosed Cancer
B2: Stage I | D2: Stage II | F2: Stage III | H2: Stage IV | K2: Stage I | O2: Stage II | S2: Stage III | W2: Stage IV
A3: Age | B3: QALYs | C3: No. patients | D3: QALYs | E3: No. patients | F3: QALYs | G3: No. patients | H3: QALYs | I3: No. patients | J3: Gen pop QALYs | K3: Absolute shortfall | L3: Modifier | M3: Proportional shortfall | N3: Modifier | O3: Absolute shortfall | P3: Modifier | Q3: Proportional shortfall | R3: Modifier | S3: Absolute shortfall | T3: Modifier | U3: Proportional shortfall | V3: Modifier | W3: Absolute shortfall | X3: Modifier | Y3: Proportional shortfall | Z3: Modifier
A4: 50 | B4: =(Stage4to1!J2+Stage3to1!J2+Stage2to1!J2+Stage1to1!J2)/(Stage4to1!F2+Stage3to1!F2+Stage2to1!F2+Stage1to1!F2) -> 5.4139755 | C4: =Stage4to1!F2+Stage3to1!F2+Stage2to1!F2+Stage1to1!F2 -> 83.160969 | D4: =(Stage4to1!K2+Stage3to1!K2+Stage2to1!K2+Stage1to1!K2+Stage4to2!K2+Stage3to2!K2+Stage2to2!K2)/(Stage4to1!G2+Stage3to1!G2+Stage2to1!G2+Stage1to1!G2+Stage4to2!G2+Stage3to2!G2+Stage2to2!G2) -> 3.3643994 | E4: =Stage4to1!G2+Stage3to1!G2+Stage2to1!G2+Stage1to1!G2+Stage4to2!G2+Stage3to2!G2+Stage2to2!G2 -> 67.108587 | F4: =(Stage4to1!L2+Stage3to1!L2+Stage2to1!L2+Stage1to1!L2+Stage4to2!L2+Stage3to2!L2+Stage2to2!L2+Stage4to3!L2+Stage3to3!L2)/(Stage4to1!H2+Stage3to1!H2+Stage2to1!H2+Stage1to1!H2+Stage4to2!H2+Stage3to2!H2+Stage2to2!H2+Stage4to3!H2+Stage3to3!H2) -> 1.9314957 | G4: =Stage4to1!H2+Stage3to1!H2+Stage2to1!H2+Stage1to1!H2+Stage4to2!H2+Stage3to2!H2+Stage2to2!H2+Stage4to3!H2+Stage3to3!H2 -> 74.421465 | H4: =(Stage4to1!M2+Stage3to1!M2+Stage2to1!M2+Stage1to1!M2+Stage4to2!M2+Stage3to2!M2+Stage2to2!M2+Stage4to3!M2+Stage3to3!M2+Stage4to4!M2)/(Stage4to1!I2+Stage3to1!I2+Stage2to1!I2+Stage1to1!I2+Stage4to2!I2+Stage3to2!I2+Stage2to2!I2+Stage4to3!I2+Stage3to3!I2+Stage4to4!I2) -> 0.77499481 | I4: =Stage4to1!I2+Stage3to1!I2+Stage2to1!I2+Stage1to1!I2+Stage4to2!I2+Stage3to2!I2+Stage2to2!I2+Stage4to3!I2+Stage3to3!I2+Stage4to4!I2 -> 83.02675 | J4: 15.926122 | K4: =J4-B4 -> 10.512146 | L4: =IF(K4<12,1,IF(K4<18,1.2,1.7)) -> 1 | M4: =K4/J4 -> 0.66005689 | N4: =IF(M4<0.85,1,IF(M4<0.95,1.2,1.7)) -> 1 | O4: =J4-D4 -> 12.561723 | P4: =IF(O4<12,1,IF(O4<18,1.2,1.7)) -> 1.2 | Q4: =O4/$J4 -> 0.78874962 | R4: =IF(Q4<0.85,1,IF(Q4<0.95,1.2,1.7)) -> 1 | S4: =J4-F4 -> 13.994626 | T4: =IF(S4<12,1,IF(S4<18,1.2,1.7)) -> 1.2 | U4: =S4/$J4 -> 0.87872153 | V4: =IF(U4<0.85,1,IF(U4<0.95,1.2,1.7)) -> 1.2 | W4: =J4-H4 -> 15.151127 | X4: =IF(W4<12,1,IF(W4<18,1.2,1.7)) -> 1.2 | Y4: =W4/J4 -> 0.95133813 | Z4: =IF(Y4<0.85,1,IF(Y4<0.95,1.2,1.7)) -> 1.7
A5: 51 | B5: =(Stage4to1!J3+Stage3to1!J3+Stage2to1!J3+Stage1to1!J3)/(Stage4to1!F3+Stage3to1!F3+Stage2to1!F3+Stage1to1!F3) -> 5.411537 | C5: =Stage4to1!F3+Stage3to1!F3+Stage2to1!F3+Stage1to1!F3 -> 83.007364 | D5: =(Stage4to1!K3+Stage3to1!K3+Stage2to1!K3+Stage1to1!K3+Stage4to2!K3+Stage3to2!K3+Stage2to2!K3)/(Stage4to1!G3+Stage3to1!G3+Stage2to1!G3+Stage1to1!G3+Stage4to2!G3+Stage3to2!G3+Stage2to2!G3) -> 3.3638337 | E5: =Stage4to1!G3+Stage3to1!G3+Stage2to1!G3+Stage1to1!G3+Stage4to2!G3+Stage3to2!G3+Stage2to2!G3 -> 67.052446 | F5: =(Stage4to1!L3+Stage3to1!L3+Stage2to1!L3+Stage1to1!L3+Stage4to2!L3+Stage3to2!L3+Stage2to2!L3+Stage4to3!L3+Stage3to3!L3)/(Stage4to1!H3+Stage3to1!H3+Stage2to1!H3+Stage1to1!H3+Stage4to2!H3+Stage3to2!H3+Stage2to2!H3+Stage4to3!H3+Stage3to3!H3) -> 1.9313139 | G5: =Stage4to1!H3+Stage3to1!H3+Stage2to1!H3+Stage1to1!H3+Stage4to2!H3+Stage3to2!H3+Stage2to2!H3+Stage4to3!H3+Stage3to3!H3 -> 74.393574 | H5: =(Stage4to1!M3+Stage3to1!M3+Stage2to1!M3+Stage1to1!M3+Stage4to2!M3+Stage3to2!M3+Stage2to2!M3+Stage4to3!M3+Stage3to3!M3+Stage4to4!M3)/(Stage4to1!I3+Stage3to1!I3+Stage2to1!I3+Stage1to1!I3+Stage4to2!I3+Stage3to2!I3+Stage2to2!I3+Stage4to3!I3+Stage3to3!I3+Stage4to4!I3) -> 0.77499679 | I5: =Stage4to1!I3+Stage3to1!I3+Stage2to1!I3+Stage1to1!I3+Stage4to2!I3+Stage3to2!I3+Stage2to2!I3+Stage4to3!I3+Stage3to3!I3+Stage4to4!I3 -> 83.02175 | J5: 15.626547 | K5: =J5-B5 -> 10.21501 | L5: =IF(K5<12,1,IF(K5<18,1.2,1.7)) -> 1 | M5: =K5/J5 -> 0.65369591 | N5: =IF(M5<0.85,1,IF(M5<0.95,1.2,1.7)) -> 1 | O5: =J5-D5 -> 12.262713 | P5: =IF(O5<12,1,IF(O5<18,1.2,1.7)) -> 1.2 | Q5: =O5/$J5 -> 0.78473595 | R5: =IF(Q5<0.85,1,IF(Q5<0.95,1.2,1.7)) -> 1 | S5: =J5-F5 -> 13.695233 | T5: =IF(S5<12,1,IF(S5<18,1.2,1.7)) -> 1.2 | U5: =S5/$J5 -> 0.87640815 | V5: =IF(U5<0.85,1,IF(U5<0.95,1.2,1.7)) -> 1.2 | W5: =J5-H5 -> 14.85155 | X5: =IF(W5<12,1,IF(W5<18,1.2,1.7)) -> 1.2 | Y5: =W5/J5 -> 0.95040511 | Z5: =IF(Y5<0.85,1,IF(Y5<0.95,1.2,1.7)) -> 1.7
A6: 52 | B6: =(Stage4to1!J4+Stage3to1!J4+Stage2to1!J4+Stage1to1!J4)/(Stage4to1!F4+Stage3to1!F4+Stage2to1!F4+Stage1to1!F4) -> 5.4088285 | C6: =Stage4to1!F4+Stage3to1!F4+Stage2to1!F4+Stage1to1!F4 -> 82.843185 | D6: =(Stage4to1!K4+Stage3to1!K4+Stage2to1!K4+Stage1to1!K4+Stage4to2!K4+Stage3to2!K4+Stage2to2!K4)/(Stage4to1!G4+Stage3to1!G4+Stage2to1!G4+Stage1to1!G4+Stage4to2!G4+Stage3to2!G4+Stage2to2!G4) -> 3.3631921 | E6: =Stage4to1!G4+Stage3to1!G4+Stage2to1!G4+Stage1to1!G4+Stage4to2!G4+Stage3to2!G4+Stage2to2!G4 -> 66.994927 | F6: =(Stage4to1!L4+Stage3to1!L4+Stage2to1!L4+Stage1to1!L4+Stage4to2!L4+Stage3to2!L4+Stage2to2!L4+Stage4to3!L4+Stage3to3!L4)/(Stage4to1!H4+Stage3to1!H4+Stage2to1!H4+Stage1to1!H4+Stage4to2!H4+Stage3to2!H4+Stage2to2!H4+Stage4to3!H4+Stage3to3!H4) -> 1.9311248 | G6: =Stage4to1!H4+Stage3to1!H4+Stage2to1!H4+Stage1to1!H4+Stage4to2!H4+Stage3to2!H4+Stage2to2!H4+Stage4to3!H4+Stage3to3!H4 -> 74.365733 | H6: =(Stage4to1!M4+Stage3to1!M4+Stage2to1!M4+Stage1to1!M4+Stage4to2!M4+Stage3to2!M4+Stage2to2!M4+Stage4to3!M4+Stage3to3!M4+Stage4to4!M4)/(Stage4to1!I4+Stage3to1!I4+Stage2to1!I4+Stage1to1!I4+Stage4to2!I4+Stage3to2!I4+Stage2to2!I4+Stage4to3!I4+Stage3to3!I4+Stage4to4!I4) -> 0.77499887 | I6: =Stage4to1!I4+Stage3to1!I4+Stage2to1!I4+Stage1to1!I4+Stage4to2!I4+Stage3to2!I4+Stage2to2!I4+Stage4to3!I4+Stage3to3!I4+Stage4to4!I4 -> 83.01674 | J6: 15.322131 | K6: =J6-B6 -> 9.9133027 | L6: =IF(K6<12,1,IF(K6<18,1.2,1.7)) -> 1 | M6: =K6/J6 -> 0.64699242 | N6: =IF(M6<0.85,1,IF(M6<0.95,1.2,1.7)) -> 1 | O6: =J6-D6 -> 11.958939 | P6: =IF(O6<12,1,IF(O6<18,1.2,1.7)) -> 1 | Q6: =O6/$J6 -> 0.78050102 | R6: =IF(Q6<0.85,1,IF(Q6<0.95,1.2,1.7)) -> 1 | S6: =J6-F6 -> 13.391006 | T6: =IF(S6<12,1,IF(S6<18,1.2,1.7)) -> 1.2 | U6: =S6/$J6 -> 0.873965 | V6: =IF(U6<0.85,1,IF(U6<0.95,1.2,1.7)) -> 1.2 | W6: =J6-H6 -> 14.547132 | X6: =IF(W6<12,1,IF(W6<18,1.2,1.7)) -> 1.2 | Y6: =W6/J6 -> 0.94941964 | Z6: =IF(Y6<0.85,1,IF(Y6<0.95,1.2,1.7)) -> 1.2
A7: 53 | B7: =(Stage4to1!J5+Stage3to1!J5+Stage2to1!J5+Stage1to1!J5)/(Stage4to1!F5+Stage3to1!F5+Stage2to1!F5+Stage1to1!F5) -> 5.4058427 | C7: =Stage4to1!F5+Stage3to1!F5+Stage2to1!F5+Stage1to1!F5 -> 82.665124 | D7: =(Stage4to1!K5+Stage3to1!K5+Stage2to1!K5+Stage1to1!K5+Stage4to2!K5+Stage3to2!K5+Stage2to2!K5)/(Stage4to1!G5+Stage3to1!G5+Stage2to1!G5+Stage1to1!G5+Stage4to2!G5+Stage3to2!G5+Stage2to2!G5) -> 3.3624476 | E7: =Stage4to1!G5+Stage3to1!G5+Stage2to1!G5+Stage1to1!G5+Stage4to2!G5+Stage3to2!G5+Stage2to2!G5 -> 66.934889 | F7: =(Stage4to1!L5+Stage3to1!L5+Stage2to1!L5+Stage1to1!L5+Stage4to2!L5+Stage3to2!L5+Stage2to2!L5+Stage4to3!L5+Stage3to3!L5)/(Stage4to1!H5+Stage3to1!H5+Stage2to1!H5+Stage1to1!H5+Stage4to2!H5+Stage3to2!H5+Stage2to2!H5+Stage4to3!H5+Stage3to3!H5) -> 1.9308955 | G7: =Stage4to1!H5+Stage3to1!H5+Stage2to1!H5+Stage1to1!H5+Stage4to2!H5+Stage3to2!H5+Stage2to2!H5+Stage4to3!H5+Stage3to3!H5 -> 74.340291 | H7: =(Stage4to1!M5+Stage3to1!M5+Stage2to1!M5+Stage1to1!M5+Stage4to2!M5+Stage3to2!M5+Stage2to2!M5+Stage4to3!M5+Stage3to3!M5+Stage4to4!M5)/(Stage4to1!I5+Stage3to1!I5+Stage2to1!I5+Stage1to1!I5+Stage4to2!I5+Stage3to2!I5+Stage2to2!I5+Stage4to3!I5+Stage3to3!I5+Stage4to4!I5) -> 0.77500055 | I7: =Stage4to1!I5+Stage3to1!I5+Stage2to1!I5+Stage1to1!I5+Stage4to2!I5+Stage3to2!I5+Stage2to2!I5+Stage4to3!I5+Stage3to3!I5+Stage4to4!I5 -> 83.01287 | J7: 15.012754 | K7: =J7-B7 -> 9.6069117 | L7: =IF(K7<12,1,IF(K7<18,1.2,1.7)) -> 1 | M7: =K7/J7 -> 0.63991666 | N7: =IF(M7<0.85,1,IF(M7<0.95,1.2,1.7)) -> 1 | O7: =J7-D7 -> 11.650307 | P7: =IF(O7<12,1,IF(O7<18,1.2,1.7)) -> 1 | Q7: =O7/$J7 -> 0.77602727 | R7: =IF(Q7<0.85,1,IF(Q7<0.95,1.2,1.7)) -> 1 | S7: =J7-F7 -> 13.081859 | T7: =IF(S7<12,1,IF(S7<18,1.2,1.7)) -> 1.2 | U7: =S7/$J7 -> 0.871383 | V7: =IF(U7<0.85,1,IF(U7<0.95,1.2,1.7)) -> 1.2 | W7: =J7-H7 -> 14.237754 | X7: =IF(W7<12,1,IF(W7<18,1.2,1.7)) -> 1.2 | Y7: =W7/J7 -> 0.94837719 | Z7: =IF(Y7<0.85,1,IF(Y7<0.95,1.2,1.7)) -> 1.2
A8: 54 | B8: =(Stage4to1!J6+Stage3to1!J6+Stage2to1!J6+Stage1to1!J6)/(Stage4to1!F6+Stage3to1!F6+Stage2to1!F6+Stage1to1!F6) -> 5.4026472 | C8: =Stage4to1!F6+Stage3to1!F6+Stage2to1!F6+Stage1to1!F6 -> 82.457876 | D8: =(Stage4to1!K6+Stage3to1!K6+Stage2to1!K6+Stage1to1!K6+Stage4to2!K6+Stage3to2!K6+Stage2to2!K6)/(Stage4to1!G6+Stage3to1!G6+Stage2to1!G6+Stage1to1!G6+Stage4to2!G6+Stage3to2!G6+Stage2to2!G6) -> 3.3616484 | E8: =Stage4to1!G6+Stage3to1!G6+Stage2to1!G6+Stage1to1!G6+Stage4to2!G6+Stage3to2!G6+Stage2to2!G6 -> 66.859255 | F8: =(Stage4to1!L6+Stage3to1!L6+Stage2to1!L6+Stage1to1!L6+Stage4to2!L6+Stage3to2!L6+Stage2to2!L6+Stage4to3!L6+Stage3to3!L6)/(Stage4to1!H6+Stage3to1!H6+Stage2to1!H6+Stage1to1!H6+Stage4to2!H6+Stage3to2!H6+Stage2to2!H6+Stage4to3!H6+Stage3to3!H6) -> 1.9306493 | G8: =Stage4to1!H6+Stage3to1!H6+Stage2to1!H6+Stage1to1!H6+Stage4to2!H6+Stage3to2!H6+Stage2to2!H6+Stage4to3!H6+Stage3to3!H6 -> 74.303095 | H8: =(Stage4to1!M6+Stage3to1!M6+Stage2to1!M6+Stage1to1!M6+Stage4to2!M6+Stage3to2!M6+Stage2to2!M6+Stage4to3!M6+Stage3to3!M6+Stage4to4!M6)/(Stage4to1!I6+Stage3to1!I6+Stage2to1!I6+Stage1to1!I6+Stage4to2!I6+Stage3to2!I6+Stage2to2!I6+Stage4to3!I6+Stage3to3!I6+Stage4to4!I6) -> 0.77500341 | I8: =Stage4to1!I6+Stage3to1!I6+Stage2to1!I6+Stage1to1!I6+Stage4to2!I6+Stage3to2!I6+Stage2to2!I6+Stage4to3!I6+Stage3to3!I6+Stage4to4!I6 -> 83.00619 | J8: 14.697495 | K8: =J8-B8 -> 9.2948479 | L8: =IF(K8<12,1,IF(K8<18,1.2,1.7)) -> 1 | M8: =K8/J8 -> 0.63241034 | N8: =IF(M8<0.85,1,IF(M8<0.95,1.2,1.7)) -> 1 | O8: =J8-D8 -> 11.335847 | P8: =IF(O8<12,1,IF(O8<18,1.2,1.7)) -> 1 | Q8: =O8/$J8 -> 0.77127746 | R8: =IF(Q8<0.85,1,IF(Q8<0.95,1.2,1.7)) -> 1 | S8: =J8-F8 -> 12.766846 | T8: =IF(S8<12,1,IF(S8<18,1.2,1.7)) -> 1.2 | U8: =S8/$J8 -> 0.86864093 | V8: =IF(U8<0.85,1,IF(U8<0.95,1.2,1.7)) -> 1.2 | W8: =J8-H8 -> 13.922492 | X8: =IF(W8<12,1,IF(W8<18,1.2,1.7)) -> 1.2 | Y8: =W8/J8 -> 0.94726969 | Z8: =IF(Y8<0.85,1,IF(Y8<0.95,1.2,1.7)) -> 1.2
A9: 55 | B9: =(Stage4to1!J7+Stage3to1!J7+Stage2to1!J7+Stage1to1!J7)/(Stage4to1!F7+Stage3to1!F7+Stage2to1!F7+Stage1to1!F7) -> 4.8899401 | C9: =Stage4to1!F7+Stage3to1!F7+Stage2to1!F7+Stage1to1!F7 -> 160.10683 | D9: =(Stage4to1!K7+Stage3to1!K7+Stage2to1!K7+Stage1to1!K7+Stage4to2!K7+Stage3to2!K7+Stage2to2!K7)/(Stage4to1!G7+Stage3to1!G7+Stage2to1!G7+Stage1to1!G7+Stage4to2!G7+Stage3to2!G7+Stage2to2!G7) -> 3.0963829 | E9: =Stage4to1!G7+Stage3to1!G7+Stage2to1!G7+Stage1to1!G7+Stage4to2!G7+Stage3to2!G7+Stage2to2!G7 -> 137.36778 | F9: =(Stage4to1!L7+Stage3to1!L7+Stage2to1!L7+Stage1to1!L7+Stage4to2!L7+Stage3to2!L7+Stage2to2!L7+Stage4to3!L7+Stage3to3!L7)/(Stage4to1!H7+Stage3to1!H7+Stage2to1!H7+Stage1to1!H7+Stage4to2!H7+Stage3to2!H7+Stage2to2!H7+Stage4to3!H7+Stage3to3!H7) -> 1.6412507 | G9: =Stage4to1!H7+Stage3to1!H7+Stage2to1!H7+Stage1to1!H7+Stage4to2!H7+Stage3to2!H7+Stage2to2!H7+Stage4to3!H7+Stage3to3!H7 -> 153.89336 | H9: =(Stage4to1!M7+Stage3to1!M7+Stage2to1!M7+Stage1to1!M7+Stage4to2!M7+Stage3to2!M7+Stage2to2!M7+Stage4to3!M7+Stage3to3!M7+Stage4to4!M7)/(Stage4to1!I7+Stage3to1!I7+Stage2to1!I7+Stage1to1!I7+Stage4to2!I7+Stage3to2!I7+Stage2to2!I7+Stage4to3!I7+Stage3to3!I7+Stage4to4!I7) -> 0.51606395 | I9: =Stage4to1!I7+Stage3to1!I7+Stage2to1!I7+Stage1to1!I7+Stage4to2!I7+Stage3to2!I7+Stage2to2!I7+Stage4to3!I7+Stage3to3!I7+Stage4to4!I7 -> 168.21613 | J9: 14.376846 | K9: =J9-B9 -> 9.4869059 | L9: =IF(K9<12,1,IF(K9<18,1.2,1.7)) -> 1 | M9: =K9/J9 -> 0.65987393 | N9: =IF(M9<0.85,1,IF(M9<0.95,1.2,1.7)) -> 1 | O9: =J9-D9 -> 11.280463 | P9: =IF(O9<12,1,IF(O9<18,1.2,1.7)) -> 1 | Q9: =O9/$J9 -> 0.78462711 | R9: =IF(Q9<0.85,1,IF(Q9<0.95,1.2,1.7)) -> 1 | S9: =J9-F9 -> 12.735595 | T9: =IF(S9<12,1,IF(S9<18,1.2,1.7)) -> 1.2 | U9: =S9/$J9 -> 0.8858407 | V9: =IF(U9<0.85,1,IF(U9<0.95,1.2,1.7)) -> 1.2 | W9: =J9-H9 -> 13.860782 | X9: =IF(W9<12,1,IF(W9<18,1.2,1.7)) -> 1.2 | Y9: =W9/J9 -> 0.96410451 | Z9: =IF(Y9<0.85,1,IF(Y9<0.95,1.2,1.7)) -> 1.7
A10: 56 | B10: =(Stage4to1!J8+Stage3to1!J8+Stage2to1!J8+Stage1to1!J8)/(Stage4to1!F8+Stage3to1!F8+Stage2to1!F8+Stage1to1!F8) -> 4.8863548 | C10: =Stage4to1!F8+Stage3to1!F8+Stage2to1!F8+Stage1to1!F8 -> 159.67296 | D10: =(Stage4to1!K8+Stage3to1!K8+Stage2to1!K8+Stage1to1!K8+Stage4to2!K8+Stage3to2!K8+Stage2to2!K8)/(Stage4to1!G8+Stage3to1!G8+Stage2to1!G8+Stage1to1!G8+Stage4to2!G8+Stage3to2!G8+Stage2to2!G8) -> 3.0954621 | E10: =Stage4to1!G8+Stage3to1!G8+Stage2to1!G8+Stage1to1!G8+Stage4to2!G8+Stage3to2!G8+Stage2to2!G8 -> 137.20154 | F10: =(Stage4to1!L8+Stage3to1!L8+Stage2to1!L8+Stage1to1!L8+Stage4to2!L8+Stage3to2!L8+Stage2to2!L8+Stage4to3!L8+Stage3to3!L8)/(Stage4to1!H8+Stage3to1!H8+Stage2to1!H8+Stage1to1!H8+Stage4to2!H8+Stage3to2!H8+Stage2to2!H8+Stage4to3!H8+Stage3to3!H8) -> 1.6409388 | G10: =Stage4to1!H8+Stage3to1!H8+Stage2to1!H8+Stage1to1!H8+Stage4to2!H8+Stage3to2!H8+Stage2to2!H8+Stage4to3!H8+Stage3to3!H8 -> 153.82143 | H10: =(Stage4to1!M8+Stage3to1!M8+Stage2to1!M8+Stage1to1!M8+Stage4to2!M8+Stage3to2!M8+Stage2to2!M8+Stage4to3!M8+Stage3to3!M8+Stage4to4!M8)/(Stage4to1!I8+Stage3to1!I8+Stage2to1!I8+Stage1to1!I8+Stage4to2!I8+Stage3to2!I8+Stage2to2!I8+Stage4to3!I8+Stage3to3!I8+Stage4to4!I8) -> 0.51606555 | I10: =Stage4to1!I8+Stage3to1!I8+Stage2to1!I8+Stage1to1!I8+Stage4to2!I8+Stage3to2!I8+Stage2to2!I8+Stage4to3!I8+Stage3to3!I8+Stage4to4!I8 -> 168.20495 | J10: 14.05178 | K10: =J10-B10 -> 9.1654254 | L10: =IF(K10<12,1,IF(K10<18,1.2,1.7)) -> 1 | M10: =K10/J10 -> 0.6522608 | N10: =IF(M10<0.85,1,IF(M10<0.95,1.2,1.7)) -> 1 | O10: =J10-D10 -> 10.956318 | P10: =IF(O10<12,1,IF(O10<18,1.2,1.7)) -> 1 | Q10: =O10/$J10 -> 0.77971032 | R10: =IF(Q10<0.85,1,IF(Q10<0.95,1.2,1.7)) -> 1 | S10: =J10-F10 -> 12.410841 | T10: =IF(S10<12,1,IF(S10<18,1.2,1.7)) -> 1.2 | U10: =S10/$J10 -> 0.883222 | V10: =IF(U10<0.85,1,IF(U10<0.95,1.2,1.7)) -> 1.2 | W10: =J10-H10 -> 13.535715 | X10: =IF(W10<12,1,IF(W10<18,1.2,1.7)) -> 1.2 | Y10: =W10/J10 -> 0.96327401 | Z10: =IF(Y10<0.85,1,IF(Y10<0.95,1.2,1.7)) -> 1.7
A11: 57 | B11: =(Stage4to1!J9+Stage3to1!J9+Stage2to1!J9+Stage1to1!J9)/(Stage4to1!F9+Stage3to1!F9+Stage2to1!F9+Stage1to1!F9) -> 4.8825314 | C11: =Stage4to1!F9+Stage3to1!F9+Stage2to1!F9+Stage1to1!F9 -> 159.17604 | D11: =(Stage4to1!K9+Stage3to1!K9+Stage2to1!K9+Stage1to1!K9+Stage4to2!K9+Stage3to2!K9+Stage2to2!K9)/(Stage4to1!G9+Stage3to1!G9+Stage2to1!G9+Stage1to1!G9+Stage4to2!G9+Stage3to2!G9+Stage2to2!G9) -> 3.0945244 | E11: =Stage4to1!G9+Stage3to1!G9+Stage2to1!G9+Stage1to1!G9+Stage4to2!G9+Stage3to2!G9+Stage2to2!G9 -> 136.99478 | F11: =(Stage4to1!L9+Stage3to1!L9+Stage2to1!L9+Stage1to1!L9+Stage4to2!L9+Stage3to2!L9+Stage2to2!L9+Stage4to3!L9+Stage3to3!L9)/(Stage4to1!H9+Stage3to1!H9+Stage2to1!H9+Stage1to1!H9+Stage4to2!H9+Stage3to2!H9+Stage2to2!H9+Stage4to3!H9+Stage3to3!H9) -> 1.6405746 | G11: =Stage4to1!H9+Stage3to1!H9+Stage2to1!H9+Stage1to1!H9+Stage4to2!H9+Stage3to2!H9+Stage2to2!H9+Stage4to3!H9+Stage3to3!H9 -> 153.72388 | H11: =(Stage4to1!M9+Stage3to1!M9+Stage2to1!M9+Stage1to1!M9+Stage4to2!M9+Stage3to2!M9+Stage2to2!M9+Stage4to3!M9+Stage3to3!M9+Stage4to4!M9)/(Stage4to1!I9+Stage3to1!I9+Stage2to1!I9+Stage1to1!I9+Stage4to2!I9+Stage3to2!I9+Stage2to2!I9+Stage4to3!I9+Stage3to3!I9+Stage4to4!I9) -> 0.51606779 | I11: =Stage4to1!I9+Stage3to1!I9+Stage2to1!I9+Stage1to1!I9+Stage4to2!I9+Stage3to2!I9+Stage2to2!I9+Stage4to3!I9+Stage3to3!I9+Stage4to4!I9 -> 168.18899 | J11: 13.723302 | K11: =J11-B11 -> 8.8407701 | L11: =IF(K11<12,1,IF(K11<18,1.2,1.7)) -> 1 | M11: =K11/J11 -> 0.64421598 | N11: =IF(M11<0.85,1,IF(M11<0.95,1.2,1.7)) -> 1 | O11: =J11-D11 -> 10.628777 | P11: =IF(O11<12,1,IF(O11<18,1.2,1.7)) -> 1 | Q11: =O11/$J11 -> 0.77450584 | R11: =IF(Q11<0.85,1,IF(Q11<0.95,1.2,1.7)) -> 1 | S11: =J11-F11 -> 12.082727 | T11: =IF(S11<12,1,IF(S11<18,1.2,1.7)) -> 1.2 | U11: =S11/$J11 -> 0.88045336 | V11: =IF(U11<0.85,1,IF(U11<0.95,1.2,1.7)) -> 1.2 | W11: =J11-H11 -> 13.207234 | X11: =IF(W11<12,1,IF(W11<18,1.2,1.7)) -> 1.2 | Y11: =W11/J11 -> 0.96239478 | Z11: =IF(Y11<0.85,1,IF(Y11<0.95,1.2,1.7)) -> 1.7
A12: 58 | B12: =(Stage4to1!J10+Stage3to1!J10+Stage2to1!J10+Stage1to1!J10)/(Stage4to1!F10+Stage3to1!F10+Stage2to1!F10+Stage1to1!F10) -> 4.8784032 | C12: =Stage4to1!F10+Stage3to1!F10+Stage2to1!F10+Stage1to1!F10 -> 158.62801 | D12: =(Stage4to1!K10+Stage3to1!K10+Stage2to1!K10+Stage1to1!K10+Stage4to2!K10+Stage3to2!K10+Stage2to2!K10)/(Stage4to1!G10+Stage3to1!G10+Stage2to1!G10+Stage1to1!G10+Stage4to2!G10+Stage3to2!G10+Stage2to2!G10) -> 3.093607 | E12: =Stage4to1!G10+Stage3to1!G10+Stage2to1!G10+Stage1to1!G10+Stage4to2!G10+Stage3to2!G10+Stage2to2!G10 -> 136.75447 | F12: =(Stage4to1!L10+Stage3to1!L10+Stage2to1!L10+Stage1to1!L10+Stage4to2!L10+Stage3to2!L10+Stage2to2!L10+Stage4to3!L10+Stage3to3!L10)/(Stage4to1!H10+Stage3to1!H10+Stage2to1!H10+Stage1to1!H10+Stage4to2!H10+Stage3to2!H10+Stage2to2!H10+Stage4to3!H10+Stage3to3!H10) -> 1.6401896 | G12: =Stage4to1!H10+Stage3to1!H10+Stage2to1!H10+Stage1to1!H10+Stage4to2!H10+Stage3to2!H10+Stage2to2!H10+Stage4to3!H10+Stage3to3!H10 -> 153.6 | H12: =(Stage4to1!M10+Stage3to1!M10+Stage2to1!M10+Stage1to1!M10+Stage4to2!M10+Stage3to2!M10+Stage2to2!M10+Stage4to3!M10+Stage3to3!M10+Stage4to4!M10)/(Stage4to1!I10+Stage3to1!I10+Stage2to1!I10+Stage1to1!I10+Stage4to2!I10+Stage3to2!I10+Stage2to2!I10+Stage4to3!I10+Stage3to3!I10+Stage4to4!I10) -> 0.51607067 | I12: =Stage4to1!I10+Stage3to1!I10+Stage2to1!I10+Stage1to1!I10+Stage4to2!I10+Stage3to2!I10+Stage2to2!I10+Stage4to3!I10+Stage3to3!I10+Stage4to4!I10 -> 168.16724 | J12: 13.390654 | K12: =J12-B12 -> 8.5122509 | L12: =IF(K12<12,1,IF(K12<18,1.2,1.7)) -> 1 | M12: =K12/J12 -> 0.63568597 | N12: =IF(M12<0.85,1,IF(M12<0.95,1.2,1.7)) -> 1 | O12: =J12-D12 -> 10.297047 | P12: =IF(O12<12,1,IF(O12<18,1.2,1.7)) -> 1 | Q12: =O12/$J12 -> 0.76897267 | R12: =IF(Q12<0.85,1,IF(Q12<0.95,1.2,1.7)) -> 1 | S12: =J12-F12 -> 11.750465 | T12: =IF(S12<12,1,IF(S12<18,1.2,1.7)) -> 1 | U12: =S12/$J12 -> 0.87751236 | V12: =IF(U12<0.85,1,IF(U12<0.95,1.2,1.7)) -> 1.2 | W12: =J12-H12 -> 12.874583 | X12: =IF(W12<12,1,IF(W12<18,1.2,1.7)) -> 1.2 | Y12: =W12/J12 -> 0.96146038 | Z12: =IF(Y12<0.85,1,IF(Y12<0.95,1.2,1.7)) -> 1.7
A13: 59 | B13: =(Stage4to1!J11+Stage3to1!J11+Stage2to1!J11+Stage1to1!J11)/(Stage4to1!F11+Stage3to1!F11+Stage2to1!F11+Stage1to1!F11) -> 4.8738861 | C13: =Stage4to1!F11+Stage3to1!F11+Stage2to1!F11+Stage1to1!F11 -> 158.0514 | D13: =(Stage4to1!K11+Stage3to1!K11+Stage2to1!K11+Stage1to1!K11+Stage4to2!K11+Stage3to2!K11+Stage2to2!K11)/(Stage4to1!G11+Stage3to1!G11+Stage2to1!G11+Stage1to1!G11+Stage4to2!G11+Stage3to2!G11+Stage2to2!G11) -> 3.0926566 | E13: =Stage4to1!G11+Stage3to1!G11+Stage2to1!G11+Stage1to1!G11+Stage4to2!G11+Stage3to2!G11+Stage2to2!G11 -> 136.5033 | F13: =(Stage4to1!L11+Stage3to1!L11+Stage2to1!L11+Stage1to1!L11+Stage4to2!L11+Stage3to2!L11+Stage2to2!L11+Stage4to3!L11+Stage3to3!L11)/(Stage4to1!H11+Stage3to1!H11+Stage2to1!H11+Stage1to1!H11+Stage4to2!H11+Stage3to2!H11+Stage2to2!H11+Stage4to3!H11+Stage3to3!H11) -> 1.6398208 | G13: =Stage4to1!H11+Stage3to1!H11+Stage2to1!H11+Stage1to1!H11+Stage4to2!H11+Stage3to2!H11+Stage2to2!H11+Stage4to3!H11+Stage3to3!H11 -> 153.46355 | H13: =(Stage4to1!M11+Stage3to1!M11+Stage2to1!M11+Stage1to1!M11+Stage4to2!M11+Stage3to2!M11+Stage2to2!M11+Stage4to3!M11+Stage3to3!M11+Stage4to4!M11)/(Stage4to1!I11+Stage3to1!I11+Stage2to1!I11+Stage1to1!I11+Stage4to2!I11+Stage3to2!I11+Stage2to2!I11+Stage4to3!I11+Stage3to3!I11+Stage4to4!I11) -> 0.51607408 | I13: =Stage4to1!I11+Stage3to1!I11+Stage2to1!I11+Stage1to1!I11+Stage4to2!I11+Stage3to2!I11+Stage2to2!I11+Stage4to3!I11+Stage3to3!I11+Stage4to4!I11 -> 168.1415 | J13: 13.054301 | K13: =J13-B13 -> 8.1804152 | L13: =IF(K13<12,1,IF(K13<18,1.2,1.7)) -> 1 | M13: =K13/J13 -> 0.6266452 | N13: =IF(M13<0.85,1,IF(M13<0.95,1.2,1.7)) -> 1 | O13: =J13-D13 -> 9.9616446 | P13: =IF(O13<12,1,IF(O13<18,1.2,1.7)) -> 1 | Q13: =O13/$J13 -> 0.7630929 | R13: =IF(Q13<0.85,1,IF(Q13<0.95,1.2,1.7)) -> 1 | S13: =J13-F13 -> 11.414481 | T13: =IF(S13<12,1,IF(S13<18,1.2,1.7)) -> 1 | U13: =S13/$J13 -> 0.87438464 | V13: =IF(U13<0.85,1,IF(U13<0.95,1.2,1.7)) -> 1.2 | W13: =J13-H13 -> 12.538227 | X13: =IF(W13<12,1,IF(W13<18,1.2,1.7)) -> 1.2 | Y13: =W13/J13 -> 0.96046712 | Z13: =IF(Y13<0.85,1,IF(Y13<0.95,1.2,1.7)) -> 1.7
A14: 60 | B14: =(Stage4to1!J12+Stage3to1!J12+Stage2to1!J12+Stage1to1!J12)/(Stage4to1!F12+Stage3to1!F12+Stage2to1!F12+Stage1to1!F12) -> 4.5401202 | C14: =Stage4to1!F12+Stage3to1!F12+Stage2to1!F12+Stage1to1!F12 -> 269.27558 | D14: =(Stage4to1!K12+Stage3to1!K12+Stage2to1!K12+Stage1to1!K12+Stage4to2!K12+Stage3to2!K12+Stage2to2!K12)/(Stage4to1!G12+Stage3to1!G12+Stage2to1!G12+Stage1to1!G12+Stage4to2!G12+Stage3to2!G12+Stage2to2!G12) -> 2.8277609 | E14: =Stage4to1!G12+Stage3to1!G12+Stage2to1!G12+Stage1to1!G12+Stage4to2!G12+Stage3to2!G12+Stage2to2!G12 -> 248.86187 | F14: =(Stage4to1!L12+Stage3to1!L12+Stage2to1!L12+Stage1to1!L12+Stage4to2!L12+Stage3to2!L12+Stage2to2!L12+Stage4to3!L12+Stage3to3!L12)/(Stage4to1!H12+Stage3to1!H12+Stage2to1!H12+Stage1to1!H12+Stage4to2!H12+Stage3to2!H12+Stage2to2!H12+Stage4to3!H12+Stage3to3!H12) -> 1.5759347 | G14: =Stage4to1!H12+Stage3to1!H12+Stage2to1!H12+Stage1to1!H12+Stage4to2!H12+Stage3to2!H12+Stage2to2!H12+Stage4to3!H12+Stage3to3!H12 -> 281.88747 | H14: =(Stage4to1!M12+Stage3to1!M12+Stage2to1!M12+Stage1to1!M12+Stage4to2!M12+Stage3to2!M12+Stage2to2!M12+Stage4to3!M12+Stage3to3!M12+Stage4to4!M12)/(Stage4to1!I12+Stage3to1!I12+Stage2to1!I12+Stage1to1!I12+Stage4to2!I12+Stage3to2!I12+Stage2to2!I12+Stage4to3!I12+Stage3to3!I12+Stage4to4!I12) -> 0.47441214 | I14: =Stage4to1!I12+Stage3to1!I12+Stage2to1!I12+Stage1to1!I12+Stage4to2!I12+Stage3to2!I12+Stage2to2!I12+Stage4to3!I12+Stage3to3!I12+Stage4to4!I12 -> 308.13969 | J14: 12.713385 | K14: =J14-B14 -> 8.1732643 | L14: =IF(K14<12,1,IF(K14<18,1.2,1.7)) -> 1 | M14: =K14/J14 -> 0.64288658 | N14: =IF(M14<0.85,1,IF(M14<0.95,1.2,1.7)) -> 1 | O14: =J14-D14 -> 9.8856236 | P14: =IF(O14<12,1,IF(O14<18,1.2,1.7)) -> 1 | Q14: =O14/$J14 -> 0.77757607 | R14: =IF(Q14<0.85,1,IF(Q14<0.95,1.2,1.7)) -> 1 | S14: =J14-F14 -> 11.13745 | T14: =IF(S14<12,1,IF(S14<18,1.2,1.7)) -> 1 | U14: =S14/$J14 -> 0.87604129 | V14: =IF(U14<0.85,1,IF(U14<0.95,1.2,1.7)) -> 1.2 | W14: =J14-H14 -> 12.238972 | X14: =IF(W14<12,1,IF(W14<18,1.2,1.7)) -> 1.2 | Y14: =W14/J14 -> 0.96268404 | Z14: =IF(Y14<0.85,1,IF(Y14<0.95,1.2,1.7)) -> 1.7
A15: 61 | B15: =(Stage4to1!J13+Stage3to1!J13+Stage2to1!J13+Stage1to1!J13)/(Stage4to1!F13+Stage3to1!F13+Stage2to1!F13+Stage1to1!F13) -> 4.5355354 | C15: =Stage4to1!F13+Stage3to1!F13+Stage2to1!F13+Stage1to1!F13 -> 268.28013 | D15: =(Stage4to1!K13+Stage3to1!K13+Stage2to1!K13+Stage1to1!K13+Stage4to2!K13+Stage3to2!K13+Stage2to2!K13)/(Stage4to1!G13+Stage3to1!G13+Stage2to1!G13+Stage1to1!G13+Stage4to2!G13+Stage3to2!G13+Stage2to2!G13) -> 2.8266546 | E15: =Stage4to1!G13+Stage3to1!G13+Stage2to1!G13+Stage1to1!G13+Stage4to2!G13+Stage3to2!G13+Stage2to2!G13 -> 248.41141 | F15: =(Stage4to1!L13+Stage3to1!L13+Stage2to1!L13+Stage1to1!L13+Stage4to2!L13+Stage3to2!L13+Stage2to2!L13+Stage4to3!L13+Stage3to3!L13)/(Stage4to1!H13+Stage3to1!H13+Stage2to1!H13+Stage1to1!H13+Stage4to2!H13+Stage3to2!H13+Stage2to2!H13+Stage4to3!H13+Stage3to3!H13) -> 1.5755451 | G15: =Stage4to1!H13+Stage3to1!H13+Stage2to1!H13+Stage1to1!H13+Stage4to2!H13+Stage3to2!H13+Stage2to2!H13+Stage4to3!H13+Stage3to3!H13 -> 281.65668 | H15: =(Stage4to1!M13+Stage3to1!M13+Stage2to1!M13+Stage1to1!M13+Stage4to2!M13+Stage3to2!M13+Stage2to2!M13+Stage4to3!M13+Stage3to3!M13+Stage4to4!M13)/(Stage4to1!I13+Stage3to1!I13+Stage2to1!I13+Stage1to1!I13+Stage4to2!I13+Stage3to2!I13+Stage2to2!I13+Stage4to3!I13+Stage3to3!I13+Stage4to4!I13) -> 0.47441486 | I15: =Stage4to1!I13+Stage3to1!I13+Stage2to1!I13+Stage1to1!I13+Stage4to2!I13+Stage3to2!I13+Stage2to2!I13+Stage4to3!I13+Stage3to3!I13+Stage4to4!I13 -> 308.09952 | J15: 12.369371 | K15: =J15-B15 -> 7.8338354 | L15: =IF(K15<12,1,IF(K15<18,1.2,1.7)) -> 1 | M15: =K15/J15 -> 0.6333253 | N15: =IF(M15<0.85,1,IF(M15<0.95,1.2,1.7)) -> 1 | O15: =J15-D15 -> 9.5427161 | P15: =IF(O15<12,1,IF(O15<18,1.2,1.7)) -> 1 | Q15: =O15/$J15 -> 0.77147951 | R15: =IF(Q15<0.85,1,IF(Q15<0.95,1.2,1.7)) -> 1 | S15: =J15-F15 -> 10.793826 | T15: =IF(S15<12,1,IF(S15<18,1.2,1.7)) -> 1 | U15: =S15/$J15 -> 0.87262528 | V15: =IF(U15<0.85,1,IF(U15<0.95,1.2,1.7)) -> 1.2 | W15: =J15-H15 -> 11.894956 | X15: =IF(W15<12,1,IF(W15<18,1.2,1.7)) -> 1 | Y15: =W15/J15 -> 0.961646 | Z15: =IF(Y15<0.85,1,IF(Y15<0.95,1.2,1.7)) -> 1.7
... A33: 79 | B33: =(Stage4to1!J31+Stage3to1!J31+Stage2to1!J31+Stage1to1!J31)/(Stage4to1!F31+Stage3to1!F31+Stage2to1!F31+Stage1to1!F31) -> 3.2852929 | C33: =Stage4to1!F31+Stage3to1!F31+Stage2to1!F31+Stage1to1!F31 -> 519.57426 | D33: =(Stage4to1!K31+Stage3to1!K31+Stage2to1!K31+Stage1to1!K31+Stage4to2!K31+Stage3to2!K31+Stage2to2!K31)/(Stage4to1!G31+Stage3to1!G31+Stage2to1!G31+Stage1to1!G31+Stage4to2!G31+Stage3to2!G31+Stage2to2!G31) -> 2.0474032 | E33: =Stage4to1!G31+Stage3to1!G31+Stage2to1!G31+Stage1to1!G31+Stage4to2!G31+Stage3to2!G31+Stage2to2!G31 -> 581.64105 | F33: =(Stage4to1!L31+Stage3to1!L31+Stage2to1!L31+Stage1to1!L31+Stage4to2!L31+Stage3to2!L31+Stage2to2!L31+Stage4to3!L31+Stage3to3!L31)/(Stage4to1!H31+Stage3to1!H31+Stage2to1!H31+Stage1to1!H31+Stage4to2!H31+Stage3to2!H31+Stage2to2!H31+Stage4to3!H31+Stage3to3!H31) -> 1.2108912 | G33: =Stage4to1!H31+Stage3to1!H31+Stage2to1!H31+Stage1to1!H31+Stage4to2!H31+Stage3to2!H31+Stage2to2!H31+Stage4to3!H31+Stage3to3!H31 -> 708.22985 | H33: =(Stage4to1!M31+Stage3to1!M31+Stage2to1!M31+Stage1to1!M31+Stage4to2!M31+Stage3to2!M31+Stage2to2!M31+Stage4to3!M31+Stage3to3!M31+Stage4to4!M31)/(Stage4to1!I31+Stage3to1!I31+Stage2to1!I31+Stage1to1!I31+Stage4to2!I31+Stage3to2!I31+Stage2to2!I31+Stage4to3!I31+Stage3to3!I31+Stage4to4!I31) -> 0.31366231 | I33: =Stage4to1!I31+Stage3to1!I31+Stage2to1!I31+Stage1to1!I31+Stage4to2!I31+Stage3to2!I31+Stage2to2!I31+Stage4to3!I31+Stage3to3!I31+Stage4to4!I31 -> 797.58789 | J33: 5.8903982 | K33: =J33-B33 -> 2.6051053 | L33: =IF(K33<12,1,IF(K33<18,1.2,1.7)) -> 1 | M33: =K33/J33 -> 0.44226301 | N33: =IF(M33<0.85,1,IF(M33<0.95,1.2,1.7)) -> 1 | O33: =J33-D33 -> 3.842995 | P33: =IF(O33<12,1,IF(O33<18,1.2,1.7)) -> 1 | Q33: =O33/$J33 -> 0.65241685 | R33: =IF(Q33<0.85,1,IF(Q33<0.95,1.2,1.7)) -> 1 | S33: =J33-F33 -> 4.679507 | T33: =IF(S33<12,1,IF(S33<18,1.2,1.7)) -> 1 | U33: =S33/$J33 -> 0.79442966 | V33: =IF(U33<0.85,1,IF(U33<0.95,1.2,1.7)) -> 1 | W33: =J33-H33 -> 5.5767359 | X33: =IF(W33<12,1,IF(W33<18,1.2,1.7)) -> 1 | Y33: =W33/J33 -> 0.94675024 | Z33: =IF(Y33<0.85,1,IF(Y33<0.95,1.2,1.7)) -> 1.2
D36: Per 100,000
A37: Total undiagnosed | B37: =SUM(C4:C33)+SUM(E4:E33)+SUM(G4:G33) +SUM(I4:I33) -> 42936.861 | D37: =B37/COUNTA(A4:A33) -> 1431.2287 | F37: 150 per 100,00 roughly in those 50 to 59
A38: Sum any modifier | B38: =SUM(G4:G22)+SUM(E4:E5)+SUM(G24)+SUM(I4:I33) -> 17402.141 | D38: =B38/COUNTA(A5:A34) -> 600.07383 | F38: 300 per 100,00 roughly in those 70 to79 | J38: =D37/300 -> 4.7707624 | K38: 5 mutpplier
A39: Proportion | B39: =(B38/B37)*100 -> 40.529606 | F39: =34+33+32 -> 99 | G39: 3X multiplier
F40: =137+102+66 -> 305
F41: 19 | J41: =SUM(J29:J33)/5 -> 6.593683
F42: =48+44+32 -> 124
F43: =F42/F41 -> 6.5263158 | G43: 6X multiplier

Sheet Stage4to1
A1: Age | B1: Engine - SoC Markov trace - Stage 1 | C1: Engine - SoC Markov trace - Stage 2 | D1: Engine - SoC Markov trace - Stage 3 | E1: Engine - SoC Markov trace - Stage 4 | F1: Engine - Galleri Markov trace - Stage 1 | G1: Engine - Galleri Markov trace - Stage 2 | H1: Engine - Galleri Markov trace - Stage 3 | I1: Engine - Galleri Markov trace - Stage 4 | J1: Post-diagnosis calculation - QALYs Galleri Stage 1 | K1: Post-diagnosis calculation - QALYs Galleri stage 2 | L1: Post-diagnosis calculation - QALYs Galleri stage 3 | M1: Post-diagnosis calculation - QALYs Galleri stage 4 | N1: Per patient QALYs 4 to 1 | O1: Per patient QALYs 4 to 2 | P1: Per patient QALYs 4 to 3 | Q1: Per patient QALYs 4 to 4
A2: 50 | B2: 0 | C2: 0 | D2: 0 | E2: 17.52 | F2: 54.39062 | G2: 19.24565 | H2: 13.56535 | I2: 23.58256 | J2: 248.6474 | K2: 64.96525 | L2: 33.8065 | M2: 18.1856 | N2: =J2/F2 -> 4.5715125 | O2: =K2/G2 -> 3.375581 | P2: =L2/H2 -> 2.4921215 | Q2: =M2/I2 -> 0.77114614 | R2: two | S2: three | T2: four
A3: 51 | B3: 0 | C3: 0 | D3: 0 | E3: 17.52 | F3: 54.28441 | G3: 19.22395 | H3: 13.55597 | I3: 23.58009 | J3: 247.9908 | K3: 64.86873 | L3: 33.77659 | M3: 18.18378 | N3: =J3/F3 -> 4.5683613 | O3: =K3/G3 -> 3.3743705 | P3: =L3/H3 -> 2.4916395 | Q3: =M3/I3 -> 0.77114973
A4: 52 | B4: 0 | C4: 0 | D4: 0 | E4: 17.52 | F4: 54.17083 | G4: 19.20133 | H4: 13.54653 | I4: 23.57763 | J4: 247.2834 | K4: 64.76653 | L4: 33.74599 | M4: 18.18197 | N4: =J4/F4 -> 4.5648811 | O4: =K4/G4 -> 3.3730231 | P4: =L4/H4 -> 2.4911169 | Q4: =M4/I4 -> 0.77115342
A5: 53 | B5: 0 | C5: 0 | D5: 0 | E5: 17.52 | F5: 54.04755 | G5: 19.17719 | H5: 13.53703 | I5: 23.57564 | J5: 246.5135 | K5: 64.65586 | L5: 33.71394 | M5: 18.18051 | N5: =J5/F5 -> 4.5610486 | O5: =K5/G5 -> 3.3714981 | P5: =L5/H5 -> 2.4904975 | Q5: =M5/I5 -> 0.77115658
A6: 54 | B6: 0 | C6: 0 | D6: 0 | E6: 17.52 | F6: 53.90405 | G6: 19.14773 | H6: 13.5245 | I6: 23.57235 | J6: 245.6341 | K6: 64.52403 | L6: 33.67372 | M6: 18.17809 | N6: =J6/F6 -> 4.5568765 | O6: =K6/G6 -> 3.3698005 | P6: =L6/H6 -> 2.489831 | Q6: =M6/I6 -> 0.77116155
A7: 55 | B7: 0 | C7: 0 | D7: 0 | E7: 35.51 | F7: 101.4485 | G7: 37.59758 | H7: 27.15647 | I7: 47.76405 | J7: 424.3541 | K7: 114.78926 | L7: 59.79484 | M7: 24.53055 | N7: =J7/F7 -> 4.182951 | O7: =K7/G7 -> 3.0531024 | P7: =L7/H7 -> 2.2018635 | Q7: =M7/I7 -> 0.51357768
A8: 56 | B8: 0 | C8: 0 | D8: 0 | E8: 35.51 | F8: 101.15162 | G8: 37.53285 | H8: 27.13008 | I8: 47.75837 | J8: 422.6604 | K8: 114.51508 | L8: 59.71296 | M8: 24.52777 | N8: =J8/F8 -> 4.1784837 | O8: =K8/G8 -> 3.0510627 | P8: =L8/H8 -> 2.2009872 | Q8: =M8/I8 -> 0.51358055
A9: 57 | B9: 0 | C9: 0 | D9: 0 | E9: 35.51 | F9: 100.8119 | G9: 37.45504 | H9: 27.09587 | I9: 47.75032 | J9: 420.7582 | K9: 114.19638 | L9: 59.61135 | M9: 24.52383 | N9: =J9/F9 -> 4.1736958 | O9: =K9/G9 -> 3.0488922 | P9: =L9/H9 -> 2.2000161 | Q9: =M9/I9 -> 0.51358462
A10: 58 | B10: 0 | C10: 0 | D10: 0 | E10: 35.51 | F10: 100.43758 | G10: 37.36704 | H10: 27.0548 | I10: 47.7395 | J10: 418.6777 | K10: 113.84383 | L10: 59.49416 | M10: 24.51851 | N10: =J10/F10 -> 4.1685363 | O10: =K10/G10 -> 3.0466376 | P10: =L10/H10 -> 2.1990242 | Q10: =M10/I10 -> 0.51358959
A11: 59 | B11: 0 | C11: 0 | D11: 0 | E11: 35.51 | F11: 100.04382 | G11: 37.27538 | H11: 27.01153 | I11: 47.72694 | J11: 416.4729 | K11: 113.47617 | L11: 59.37249 | M11: 24.51233 | N11: =J11/F11 -> 4.1629048 | O11: =K11/G11 -> 3.0442659 | P11: =L11/H11 -> 2.1980425 | Q11: =M11/I11 -> 0.51359526
A12: 60 | B12: 0 | C12: 0 | D12: 0 | E12: 65.09 | F12: 165.76878 | G12: 65.14156 | H12: 48.80445 | I12: 87.44706 | J12: 639.9406 | K12: 185.65084 | L12: 102.12655 | M12: 41.28658 | N12: =J12/F12 -> 3.860441 | O12: =K12/G12 -> 2.84996 | P12: =L12/H12 -> 2.0925664 | Q12: =M12/I12 -> 0.47213228
A13: 61 | B13: 0 | C13: 0 | D13: 0 | E13: 65.09 | F13: 165.09476 | G13: 64.97867 | H13: 48.72768 | I13: 87.42705 | J13: 636.3489 | K13: 185.02582 | L13: 101.91455 | M13: 41.27755 | N13: =J13/F13 -> 3.8544464 | O13: =K13/G13 -> 2.8474855 | P13: =L13/H13 -> 2.0915125 | Q13: =M13/I13 -> 0.47213706
A14: 62 | B14: 0 | C14: 0 | D14: 0 | E14: 65.09 | F14: 164.35845 | G14: 64.79982 | H14: 48.642 | I14: 87.40382 | J14: 632.4266 | K14: 184.34336 | L14: 101.68072 | M14: 41.26707 | N14: =J14/F14 -> 3.8478496 | O14: =K14/G14 -> 2.8448128 | P14: =L14/H14 -> 2.0903894 | Q14: =M14/I14 -> 0.47214264
... A31: 79 | B31: 0 | C31: 0 | D31: 0 | E31: 169.87 | F31: 287.7385 | G31: 135.60963 | H31: 113.33541 | I31: 224.93911 | J31: 845.0156 | K31: 312.91127 | L31: 200.59087 | M31: 70.23898 | N31: =J31/F31 -> 2.9367485 | O31: =K31/G31 -> 2.3074414 | P31: =L31/H31 -> 1.769887 | Q31: =M31/I31 -> 0.31225775
I32: 29
I33: 30
E36: two | F36: three | G36: four | H36: one | I36: two | J36: three | K36: four | L36: one | M36: two | N36: three | O36: four
D37: one
D39: 1
D40: 2
D41: 3
D42: 4
D43: 5 | Q43: four
D44: 6
D45: 7
D46: 8
D47: 9
D48: 10
D49: 11
D50: 12
D51: 13
D52: 14
D53: 15
D54: 16
D55: 17
... D68: 30
F69: 25
F70: 26
F71: 27
F72: 28
F73: 29
F74: 30

Sheet Stage3to1
A1: Age | B1: Engine - SoC Markov trace - Stage 1 | C1: Engine - SoC Markov trace - Stage 2 | D1: Engine - SoC Markov trace - Stage 3 | E1: Engine - SoC Markov trace - Stage 4 | F1: Engine - Galleri Markov trace - Stage 1 | G1: Engine - Galleri Markov trace - Stage 2 | H1: Engine - Galleri Markov trace - Stage 3 | I1: Engine - Galleri Markov trace - Stage 4 | J1: Post-diagnosis calculation - QALYs Galleri Stage 1 | K1: Post-diagnosis calculation - QALYs Galleri stage 2 | L1: Post-diagnosis calculation - QALYs Galleri stage 3 | M1: Post-diagnosis calculation - QALYs Galleri stage 4 | N1: Per patient QALYs 4 to 1 | O1: Per patient QALYs 4 to 2 | P1: Per patient QALYs 4 to 3 | Q1: Per patient QALYs 4 to 4
A2: 50 | B2: 0 | C2: 0 | D2: 6.72 | E2: 0 | F2: 19.13553 | G2: 7.520059 | H2: 11.54409 | I2: 0 | J2: 106.061 | K2: 31.06694 | L2: 20.33461 | M2: 0 | N2: =J2/F2 -> 5.5426215 | O2: =K2/G2 -> 4.1312096 | P2: =L2/H2 -> 1.7614736 | Q2: 0
A3: 51 | B3: 0 | C3: 0 | D3: 6.72 | E3: 0 | F3: 19.09944 | G3: 7.512917 | H3: 11.54171 | I3: 0 | J3: 105.8002 | K3: 31.03008 | L3: 20.33068 | M3: 0 | N3: =J3/F3 -> 5.5394399 | O3: =K3/G3 -> 4.1302306 | P3: =L3/H3 -> 1.7614963 | Q3: 0
A4: 52 | B4: 0 | C4: 0 | D4: 6.72 | E4: 0 | F4: 19.06093 | G4: 7.50556 | H4: 11.53935 | I4: 0 | J4: 105.5198 | K4: 30.99154 | L4: 20.32678 | M4: 0 | N4: =J4/F4 -> 5.5359209 | O4: =K4/G4 -> 4.1291443 | P4: =L4/H4 -> 1.7615186 | Q4: 0
A5: 53 | B5: 0 | C5: 0 | D5: 6.72 | E5: 0 | F5: 19.01922 | G5: 7.497829 | H5: 11.53722 | I5: 0 | J5: 105.2152 | K5: 30.9503 | L5: 20.3233 | M5: 0 | N5: =J5/F5 -> 5.532046 | O5: =K5/G5 -> 4.1279016 | P5: =L5/H5 -> 1.7615422 | Q5: 0
A6: 54 | B6: 0 | C6: 0 | D6: 6.72 | E6: 0 | F6: 18.97058 | G6: 7.488178 | H6: 11.53405 | I6: 0 | J6: 104.8662 | K6: 30.9002 | L6: 20.31807 | M6: 0 | N6: =J6/F6 -> 5.5278331 | O6: =K6/G6 -> 4.1265312 | P6: =L6/H6 -> 1.7615729 | Q6: 0
A7: 55 | B7: 0 | C7: 0 | D7: 14.49 | E7: 0 | F7: 37.3049 | G7: 15.656175 | H7: 24.83167 | I7: 0 | J7: 188.9117 | K7: 58.31814 | L7: 36.63294 | M7: 0 | N7: =J7/F7 -> 5.0639916 | O7: =K7/G7 -> 3.724929 | P7: =L7/H7 -> 1.4752508 | Q7: 0
A8: 56 | B8: 0 | C8: 0 | D8: 14.49 | E8: 0 | F8: 37.20192 | G8: 15.634271 | H8: 24.82533 | I8: 0 | J8: 188.2223 | K8: 58.20993 | L8: 36.62416 | M8: 0 | N8: =J8/F8 -> 5.0594781 | O8: =K8/G8 -> 3.7232264 | P8: =L8/H8 -> 1.4752738 | Q8: 0
A9: 57 | B9: 0 | C9: 0 | D9: 14.49 | E9: 0 | F9: 37.08353 | G9: 15.607298 | H9: 24.81665 | I9: 0 | J9: 187.4437 | K9: 58.08097 | L9: 36.61208 | M9: 0 | N9: =J9/F9 -> 5.0546348 | O9: =K9/G9 -> 3.7213982 | P9: =L9/H9 -> 1.4753031 | Q9: 0
A10: 58 | B10: 0 | C10: 0 | D10: 14.49 | E10: 0 | F10: 36.95264 | G10: 15.576202 | H10: 24.80551 | I10: 0 | J10: 186.59 | K10: 57.93601 | L10: 36.5965 | M10: 0 | N10: =J10/F10 -> 5.0494363 | O10: =K10/G10 -> 3.719521 | P10: =L10/H10 -> 1.4753375 | Q10: 0
A11: 59 | B11: 0 | C11: 0 | D11: 14.49 | E11: 0 | F11: 36.81501 | G11: 15.543751 | H11: 24.79318 | I11: 0 | J11: 185.6869 | K11: 57.78509 | L11: 36.57918 | M11: 0 | N11: =J11/F11 -> 5.0437824 | O11: =K11/G11 -> 3.7175769 | P11: =L11/H11 -> 1.4753727 | Q11: 0
A12: 60 | B12: 0 | C12: 0 | D12: 26.97 | E12: 0 | F12: 62.25083 | G12: 27.953426 | H12: 46.06262 | I12: 0 | J12: 292.392 | K12: 98.80704 | L12: 66.06797 | M12: 0 | N12: =J12/F12 -> 4.6969976 | O12: =K12/G12 -> 3.5347023 | P12: =L12/H12 -> 1.4343077 | Q12: 0
A13: 61 | B13: 0 | C13: 0 | D13: 26.97 | E13: 0 | F13: 62.01189 | G13: 27.894925 | H13: 46.04162 | I13: 0 | J13: 290.9037 | K13: 98.54493 | L13: 66.03953 | M13: 0 | N13: =J13/F13 -> 4.6910955 | O13: =K13/G13 -> 3.5327189 | P13: =L13/H13 -> 1.4343442 | Q13: 0
... A31: 79 | B31: 0 | C31: 0 | D31: 73.28 | E31: 0 | F31: 116.80384 | G31: 63.771347 | H31: 121.5062 | I31: 0 | J31: 400.8846 | K31: 172.47346 | L31: 114.89397 | M31: 0 | N31: =J31/F31 -> 3.4321183 | O31: =K31/G31 -> 2.7045604 | P31: =L31/H31 -> 0.94558113 | Q31: 0
F36: two | G36: three | H36: four | I36: one | J36: two | K36: three | L36: four | M36: one | N36: two | O36: three | P36: four
E37: one
E39: 1
E40: 2
E41: 3
E42: 4
C43: one | D43: one | E43: 5
E44: 6
C45: 1 | E45: 7
C46: 2 | E46: 8
C47: 3 | E47: 9
C48: 4 | E48: 10
C49: 5 | E49: 11
C50: 6 | E50: 12
C51: 7 | E51: 13
C52: 8 | E52: 14
C53: 9 | E53: 15
C54: 10 | E54: 16
D55: two | E55: 17
C56: one | E56: 18
E57: 19
C58: 1 | E58: 20
C59: 2 | E59: 21
C60: 3 | E60: 22
C61: 4 | E61: 23
C62: 5 | E62: 24
C63: 6 | E63: 25
C64: 7 | E64: 26
C65: 8 | E65: 27
C66: 9 | E66: 28
C67: 10 | E67: 29
C68: 11 | E68: 30
C69: 12
C70: 13
C71: 14
C72: 15
C73: 16
C74: 17
C75: 18
C76: 19
C77: 20
C78: 21
C79: 22
C80: 23
... C87: 30

Sheet Stage2to1
A1: Age | B1: Engine - SoC Markov trace - Stage 1 | C1: Engine - SoC Markov trace - Stage 2 | D1: Engine - SoC Markov trace - Stage 3 | E1: Engine - SoC Markov trace - Stage 4 | F1: Engine - Galleri Markov trace - Stage 1 | G1: Engine - Galleri Markov trace - Stage 2 | H1: Engine - Galleri Markov trace - Stage 3 | I1: Engine - Galleri Markov trace - Stage 4 | J1: Post-diagnosis calculation - QALYs Galleri Stage 1 | K1: Post-diagnosis calculation - QALYs Galleri stage 2 | L1: Post-diagnosis calculation - QALYs Galleri stage 3 | M1: Post-diagnosis calculation - QALYs Galleri stage 4 | N1: Per patient QALYs 4 to 1 | O1: Per patient QALYs 4 to 2 | P1: Per patient QALYs 4 to 3 | Q1: Per patient QALYs 4 to 4
A2: 50 | B2: 0 | C2: 1.86 | D2: 0 | E2: 0 | F2: 5.204819 | G2: 4.242235 | H2: 0 | I2: 0 | J2: 47.94105 | K2: 25.87052 | L2: 0 | M2: 0 | N2: =J2/F2 -> 9.2108967 | O2: =K2/G2 -> 6.0983232 | P2: 0 | Q2: 0
A3: 51 | B3: 0 | C3: 1.86 | D3: 0 | E3: 0 | F3: 5.193514 | G3: 4.240677 | H3: 0 | I3: 0 | J3: 47.82442 | K3: 25.8618 | L3: 0 | M3: 0 | N3: =J3/F3 -> 9.2084897 | O3: =K3/G3 -> 6.0985074 | P3: 0 | Q3: 0
A4: 52 | B4: 0 | C4: 1.86 | D4: 0 | E4: 0 | F4: 5.181425 | G4: 4.239093 | H4: 0 | I4: 0 | J4: 47.69938 | K4: 25.85296 | L4: 0 | M4: 0 | N4: =J4/F4 -> 9.205842 | O4: =K4/G4 -> 6.0987008 | P4: 0 | Q4: 0
A5: 53 | B5: 0 | C5: 1.86 | D5: 0 | E5: 0 | F5: 5.168354 | G5: 4.237552 | H5: 0 | I5: 0 | J5: 47.56396 | K5: 25.84447 | L5: 0 | M5: 0 | N5: =J5/F5 -> 9.2029222 | O5: =K5/G5 -> 6.0989151 | P5: 0 | Q5: 0
A6: 54 | B6: 0 | C6: 1.86 | D6: 0 | E6: 0 | F6: 5.153246 | G6: 4.235457 | H6: 0 | I6: 0 | J6: 47.40851 | K6: 25.83275 | L6: 0 | M6: 0 | N6: =J6/F6 -> 9.1997374 | O6: =K6/G6 -> 6.0991647 | P6: 0 | Q6: 0
A7: 55 | B7: 0 | C7: 4.51 | D7: 0 | E7: 0 | F7: 11.20343 | G7: 10.19574 | H7: 0 | I7: 0 | J7: 93.54879 | K7: 60.80339 | L7: 0 | M7: 0 | N7: =J7/F7 -> 8.3500133 | O7: =K7/G7 -> 5.9636073 | P7: 0 | Q7: 0
A8: 56 | B8: 0 | C8: 4.51 | D8: 0 | E8: 0 | F8: 11.169416 | G8: 10.190722 | H8: 0 | I8: 0 | J8: 93.23779 | K8: 60.77781 | L8: 0 | M8: 0 | N8: =J8/F8 -> 8.3475976 | O8: =K8/G8 -> 5.9640338 | P8: 0 | Q8: 0
A9: 57 | B9: 0 | C9: 4.51 | D9: 0 | E9: 0 | F9: 11.130614 | G9: 10.184258 | H9: 0 | I9: 0 | J9: 92.88192 | K9: 60.74423 | L9: 0 | M9: 0 | N9: =J9/F9 -> 8.3447256 | O9: =K9/G9 -> 5.9645219 | P9: 0 | Q9: 0
A10: 58 | B10: 0 | C10: 4.51 | D10: 0 | E10: 0 | F10: 11.087791 | G10: 10.176406 | H10: 0 | I10: 0 | J10: 92.48548 | K10: 60.70282 | L10: 0 | M10: 0 | N10: =J10/F10 -> 8.3411998 | O10: =K10/G10 -> 5.9650549 | P10: 0 | Q10: 0
A11: 59 | B11: 0 | C11: 4.51 | D11: 0 | E11: 0 | F11: 11.042574 | G11: 10.167907 | H11: 0 | I11: 0 | J11: 92.06652 | K11: 60.65774 | L11: 0 | M11: 0 | N11: =J11/F11 -> 8.3374148 | O11: =K11/G11 -> 5.9656073 | P11: 0 | Q11: 0
A12: 60 | B12: 0 | C12: 9.62 | D12: 0 | E12: 0 | F12: 20.345965 | G12: 21.420889 | H12: 0 | I12: 0 | J12: 140.42625 | K12: 95.48966 | L12: 0 | M12: 0 | N12: =J12/F12 -> 6.9019213 | O12: =K12/G12 -> 4.4577823 | P12: 0 | Q12: 0
A13: 61 | B13: 0 | C13: 9.62 | D13: 0 | E13: 0 | F13: 20.263478 | G13: 21.404366 | H13: 0 | I13: 0 | J13: 139.75677 | K13: 95.42487 | L13: 0 | M13: 0 | N13: =J13/F13 -> 6.8969784 | O13: =K13/G13 -> 4.4581965 | P13: 0 | Q13: 0
... A31: 79 | B31: 0 | C31: 30 | D31: 0 | E31: 0 | F31: 43.061916 | G31: 63.147444 | H31: 0 | I31: 0 | J31: 177.71633 | K31: 123.71816 | L31: 0 | M31: 0 | N31: =J31/F31 -> 4.1269954 | O31: =K31/G31 -> 1.9591951 | P31: 0 | Q31: 0
A32: 80
A33: 81
A34: 82
A35: 83
A36: 84 | F36: two | G36: three | H36: four | I36: one | J36: two | K36: three | L36: four | M36: one | N36: two | O36: three | P36: four
A37: 85 | E37: one
A38: 86
A39: 87 | E39: 1
A40: 88 | E40: 2
A41: 89 | E41: 3
A42: 90 | E42: 4
A43: 91 | E43: 5
A44: 92 | E44: 6
A45: 93 | E45: 7
A46: 94 | E46: 8
A47: 95 | E47: 9
A48: 96 | E48: 10
A49: 97 | E49: 11
A50: 98 | E50: 12
A51: 99 | E51: 13
E52: 14
E53: 15
E54: 16
E55: 17
E56: 18
E57: 19
E58: 20
E59: 21
E60: 22
E61: 23
E62: 24
E63: 25
... E68: 30

Sheet Stage1to1
A1: Age | B1: Engine - SoC Markov trace - Stage 1 | C1: Engine - SoC Markov trace - Stage 2 | D1: Engine - SoC Markov trace - Stage 3 | E1: Engine - SoC Markov trace - Stage 4 | F1: Engine - Galleri Markov trace - Stage 1 | G1: Engine - Galleri Markov trace - Stage 2 | H1: Engine - Galleri Markov trace - Stage 3 | I1: Engine - Galleri Markov trace - Stage 4 | J1: Post-diagnosis calculation - QALYs Galleri Stage 1 | K1: Post-diagnosis calculation - QALYs Galleri stage 2 | L1: Post-diagnosis calculation - QALYs Galleri stage 3 | M1: Post-diagnosis calculation - QALYs Galleri stage 4 | N1: Per patient QALYs 4 to 1 | O1: Per patient QALYs 4 to 2 | P1: Per patient QALYs 4 to 3 | Q1: Per patient QALYs 4 to 4
A2: 50 | B2: 4.43 | C2: 0 | D2: 0 | E2: 0 | F2: 4.43 | G2: 0 | H2: 0 | I2: 0 | J2: 47.582 | K2: 0 | L2: 0 | M2: 0 | N2: =J2/F2 -> 10.740858 | O2: 0 | P2: 0 | Q2: 0
A3: 51 | B3: 4.43 | C3: 0 | D3: 0 | E3: 0 | F3: 4.43 | G3: 0 | H3: 0 | I3: 0 | J3: 47.582 | K3: 0 | L3: 0 | M3: 0 | N3: =J3/F3 -> 10.740858 | O3: 0 | P3: 0 | Q3: 0
A4: 52 | B4: 4.43 | C4: 0 | D4: 0 | E4: 0 | F4: 4.43 | G4: 0 | H4: 0 | I4: 0 | J4: 47.582 | K4: 0 | L4: 0 | M4: 0 | N4: =J4/F4 -> 10.740858 | O4: 0 | P4: 0 | Q4: 0
A5: 53 | B5: 4.43 | C5: 0 | D5: 0 | E5: 0 | F5: 4.43 | G5: 0 | H5: 0 | I5: 0 | J5: 47.582 | K5: 0 | L5: 0 | M5: 0 | N5: =J5/F5 -> 10.740858 | O5: 0 | P5: 0 | Q5: 0
A6: 54 | B6: 4.43 | C6: 0 | D6: 0 | E6: 0 | F6: 4.43 | G6: 0 | H6: 0 | I6: 0 | J6: 47.582 | K6: 0 | L6: 0 | M6: 0 | N6: =J6/F6 -> 10.740858 | O6: 0 | P6: 0 | Q6: 0
A7: 55 | B7: 10.15 | C7: 0 | D7: 0 | E7: 0 | F7: 10.15 | G7: 0 | H7: 0 | I7: 0 | J7: 76.09822 | K7: 0 | L7: 0 | M7: 0 | N7: =J7/F7 -> 7.4973616 | O7: 0 | P7: 0 | Q7: 0
A8: 56 | B8: 10.15 | C8: 0 | D8: 0 | E8: 0 | F8: 10.15 | G8: 0 | H8: 0 | I8: 0 | J8: 76.09822 | K8: 0 | L8: 0 | M8: 0 | N8: =J8/F8 -> 7.4973616 | O8: 0 | P8: 0 | Q8: 0
A9: 57 | B9: 10.15 | C9: 0 | D9: 0 | E9: 0 | F9: 10.15 | G9: 0 | H9: 0 | I9: 0 | J9: 76.09822 | K9: 0 | L9: 0 | M9: 0 | N9: =J9/F9 -> 7.4973616 | O9: 0 | P9: 0 | Q9: 0
A10: 58 | B10: 10.15 | C10: 0 | D10: 0 | E10: 0 | F10: 10.15 | G10: 0 | H10: 0 | I10: 0 | J10: 76.09822 | K10: 0 | L10: 0 | M10: 0 | N10: =J10/F10 -> 7.4973616 | O10: 0 | P10: 0 | Q10: 0
A11: 59 | B11: 10.15 | C11: 0 | D11: 0 | E11: 0 | F11: 10.15 | G11: 0 | H11: 0 | I11: 0 | J11: 76.09822 | K11: 0 | L11: 0 | M11: 0 | N11: =J11/F11 -> 7.4973616 | O11: 0 | P11: 0 | Q11: 0
A12: 60 | B12: 20.91 | C12: 0 | D12: 0 | E12: 0 | F12: 20.91 | G12: 0 | H12: 0 | I12: 0 | J12: 149.78464 | K12: 0 | L12: 0 | M12: 0 | N12: =J12/F12 -> 7.1633018 | O12: 0 | P12: 0 | Q12: 0
A13: 61 | B13: 20.91 | C13: 0 | D13: 0 | E13: 0 | F13: 20.91 | G13: 0 | H13: 0 | I13: 0 | J13: 149.78464 | K13: 0 | L13: 0 | M13: 0 | N13: =J13/F13 -> 7.1633018 | O13: 0 | P13: 0 | Q13: 0
... A31: 79 | B31: 71.97 | C31: 0 | D31: 0 | E31: 0 | F31: 71.97 | G31: 0 | H31: 0 | I31: 0 | J31: 283.33711 | K31: 0 | L31: 0 | M31: 0 | N31: =J31/F31 -> 3.936878 | O31: 0 | P31: 0 | Q31: 0
I42: one
I44: 1
I45: 2
I46: 3
I47: 4
I48: 5
I49: 6
I50: 7
I51: 8
I52: 9
I53: 10
I54: 11
I55: 12
... I81: 30

Sheet Stage4to2
A1: Age | B1: Engine - SoC Markov trace - Stage 1 | C1: Engine - SoC Markov trace - Stage 2 | D1: Engine - SoC Markov trace - Stage 3 | E1: Engine - SoC Markov trace - Stage 4 | F1: Engine - Galleri Markov trace - Stage 1 | G1: Engine - Galleri Markov trace - Stage 2 | H1: Engine - Galleri Markov trace - Stage 3 | I1: Engine - Galleri Markov trace - Stage 4 | J1: Post-diagnosis calculation - QALYs Galleri Stage 1 | K1: Post-diagnosis calculation - QALYs Galleri stage 2 | L1: Post-diagnosis calculation - QALYs Galleri stage 3 | M1: Post-diagnosis calculation - QALYs Galleri stage 4 | N1: Per patient QALYs 4 to 1 | O1: Per patient QALYs 4 to 2 | P1: Per patient QALYs 4 to 3 | Q1: Per patient QALYs 4 to 4
A2: 50 | B2: 0 | C2: 0 | D2: 0 | E2: 17.52 | F2: 0 | G2: 25.31431 | H2: 9.610775 | I2: 23.10085 | J2: 0 | K2: 59.52392 | L2: 16.6276 | M2: 17.84501 | N2: 0 | O2: =K2/G2 -> 2.3513941 | P2: =L2/H2 -> 1.7300998 | Q2: =M2/I2 -> 0.77248283
A3: 51 | B3: 0 | C3: 0 | D3: 0 | E3: 17.52 | F3: 0 | G3: 25.29518 | H3: 9.605884 | I3: 23.09876 | J3: 0 | K3: 59.46993 | L3: 16.61804 | M3: 17.84345 | N3: 0 | O3: =K3/G3 -> 2.351038 | P3: =L3/H3 -> 1.7299855 | Q3: =M3/I3 -> 0.77248519
A4: 52 | B4: 0 | C4: 0 | D4: 0 | E4: 17.52 | F4: 0 | G4: 25.27595 | H4: 9.601103 | I4: 23.09666 | J4: 0 | K4: 59.41478 | L4: 16.60867 | M4: 17.84189 | N4: 0 | O4: =K4/G4 -> 2.3506448 | P4: =L4/H4 -> 1.729871 | Q4: =M4/I4 -> 0.77248788
A5: 53 | B5: 0 | C5: 0 | D5: 0 | E5: 17.52 | F5: 0 | G5: 25.25611 | H5: 9.596641 | I5: 23.09508 | J5: 0 | K5: 59.35661 | L5: 16.5995 | M5: 17.84071 | N5: 0 | O5: =K5/G5 -> 2.3501881 | P5: =L5/H5 -> 1.7297198 | Q5: =M5/I5 -> 0.77248964
A6: 54 | B6: 0 | C6: 0 | D6: 0 | E6: 17.52 | F6: 0 | G6: 25.23057 | H6: 9.590155 | I6: 23.09228 | J6: 0 | K6: 59.28404 | L6: 16.58684 | M6: 17.83863 | N6: 0 | O6: =K6/G6 -> 2.3496909 | P6: =L6/H6 -> 1.7295695 | Q6: =M6/I6 -> 0.77249323
A7: 55 | B7: 0 | C7: 0 | D7: 0 | E7: 35.51 | F7: 0 | G7: 50.56322 | H7: 19.394921 | I7: 46.79572 | J7: 0 | K7: 101.79853 | L7: 27.70253 | M7: 24.07051 | N7: 0 | O7: =K7/G7 -> 2.0132921 | P7: =L7/H7 -> 1.4283394 | Q7: =M7/I7 -> 0.51437418
A8: 56 | B8: 0 | C8: 0 | D8: 0 | E8: 35.51 | F8: 0 | G8: 50.50811 | H8: 19.38257 | I8: 46.79113 | J8: 0 | K8: 101.65279 | L8: 27.68083 | M8: 24.06824 | N8: 0 | O8: =K8/G8 -> 2.0126033 | P8: =L8/H8 -> 1.42813 | Q8: =M8/I8 -> 0.51437612
A9: 57 | B9: 0 | C9: 0 | D9: 0 | E9: 35.51 | F9: 0 | G9: 50.43738 | H9: 19.365479 | I9: 46.78454 | J9: 0 | K9: 101.47244 | L9: 27.65151 | M9: 24.06498 | N9: 0 | O9: =K9/G9 -> 2.0118499 | P9: =L9/H9 -> 1.4278764 | Q9: =M9/I9 -> 0.5143789
A10: 58 | B10: 0 | C10: 0 | D10: 0 | E10: 35.51 | F10: 0 | G10: 50.35356 | H10: 19.343539 | I10: 46.77547 | J10: 0 | K10: 101.26529 | L10: 27.61505 | M10: 24.06049 | N10: 0 | O10: =K10/G10 -> 2.011085 | P10: =L10/H10 -> 1.427611 | Q10: =M10/I10 -> 0.51438265
A11: 59 | B11: 0 | C11: 0 | D11: 0 | E11: 35.51 | F11: 0 | G11: 50.26636 | H11: 19.319793 | I11: 46.76463 | J11: 0 | K11: 101.05121 | L11: 27.57661 | M11: 24.05512 | N11: 0 | O11: =K11/G11 -> 2.0103149 | P11: =L11/H11 -> 1.4273761 | Q11: =M11/I11 -> 0.51438705
A12: 60 | B12: 0 | C12: 0 | D12: 0 | E12: 65.09 | F12: 0 | G12: 90.52819 | H12: 35.292091 | I12: 85.69652 | J12: 0 | K12: 172.34155 | L12: 48.10155 | M12: 40.52273 | N12: 0 | O12: =K12/G12 -> 1.9037335 | P12: =L12/H12 -> 1.3629555 | Q12: =M12/I12 -> 0.47286319
A13: 61 | B13: 0 | C13: 0 | D13: 0 | E13: 65.09 | F13: 0 | G13: 90.37128 | H13: 35.251408 | I13: 85.6798 | J13: 0 | K13: 171.96861 | L13: 48.03627 | M13: 40.51512 | N13: 0 | O13: =K13/G13 -> 1.9029122 | P13: =L13/H13 -> 1.3626766 | Q13: =M13/I13 -> 0.47286665
... A31: 79 | B31: 0 | C31: 0 | D31: 0 | E31: 169.87 | F31: 0 | G31: 207.09678 | H31: 85.409534 | I31: 220.90971 | J31: 0 | K31: 325.15179 | L31: 96.73932 | M31: 69.07077 | N31: 0 | O31: =K31/G31 -> 1.5700475 | P31: =L31/H31 -> 1.1326525 | Q31: =M31/I31 -> 0.31266516
F37: two | G37: three | H37: four | I37: one | J37: two | K37: three | L37: four | M37: one | N37: two | O37: three | P37: four
E38: one

Sheet Stage3to2
A1: Age | B1: Engine - SoC Markov trace - Stage 1 | C1: Engine - SoC Markov trace - Stage 2 | D1: Engine - SoC Markov trace - Stage 3 | E1: Engine - SoC Markov trace - Stage 4 | F1: Engine - Galleri Markov trace - Stage 1 | G1: Engine - Galleri Markov trace - Stage 2 | H1: Engine - Galleri Markov trace - Stage 3 | I1: Engine - Galleri Markov trace - Stage 4 | J1: Post-diagnosis calculation - QALYs Galleri Stage 1 | K1: Post-diagnosis calculation - QALYs Galleri stage 2 | L1: Post-diagnosis calculation - QALYs Galleri stage 3 | M1: Post-diagnosis calculation - QALYs Galleri stage 4 | N1: Per patient QALYs 4 to 1 | O1: Per patient QALYs 4 to 2 | P1: Per patient QALYs 4 to 3 | Q1: Per patient QALYs 4 to 4
A2: 50 | B2: 0 | C2: 0 | D2: 6.72 | E2: 0 | F2: 0 | G2: 8.926333 | H2: 10.49404 | I2: 0 | J2: 0 | K2: 32.53118 | L2: 18.63767 | M2: 0 | N2: 0 | O2: =K2/G2 -> 3.6444058 | P2: =L2/H2 -> 1.7760243 | Q2: 0
A3: 51 | B3: 0 | C3: 0 | D3: 6.72 | E3: 0 | F3: 0 | G3: 8.919722 | H3: 10.49256 | I3: 0 | J3: 0 | K3: 32.50046 | L3: 18.63514 | M3: 0 | N3: 0 | O3: =K3/G3 -> 3.6436629 | P3: =L3/H3 -> 1.7760337 | Q3: 0
A4: 52 | B4: 0 | C4: 0 | D4: 6.72 | E4: 0 | F4: 0 | G4: 8.912994 | H4: 10.49107 | I4: 0 | J4: 0 | K4: 32.46872 | L4: 18.6326 | M4: 0 | N4: 0 | O4: =K4/G4 -> 3.6428522 | P4: =L4/H4 -> 1.7760438 | Q4: 0
A5: 53 | B5: 0 | C5: 0 | D5: 6.72 | E5: 0 | F5: 0 | G5: 8.906208 | H5: 10.4899 | I5: 0 | J5: 0 | K5: 32.43554 | L5: 18.63062 | M5: 0 | N5: 0 | O5: =K5/G5 -> 3.6419024 | P5: =L5/H5 -> 1.7760532 | Q5: 0
A6: 54 | B6: 0 | C6: 0 | D6: 6.72 | E6: 0 | F6: 0 | G6: 8.89732 | H6: 10.48792 | I6: 0 | J6: 0 | K6: 32.39401 | L6: 18.62724 | M6: 0 | N6: 0 | O6: =K6/G6 -> 3.6408728 | P6: =L6/H6 -> 1.7760662 | Q6: 0
A7: 55 | B7: 0 | C7: 0 | D7: 14.49 | E7: 0 | F7: 0 | G7: 18.845062 | H7: 22.60581 | I7: 0 | J7: 0 | K7: 61.39358 | L7: 33.58314 | M7: 0 | N7: 0 | O7: =K7/G7 -> 3.2578073 | P7: =L7/H7 -> 1.4855977 | Q7: 0
A8: 56 | B8: 0 | C8: 0 | D8: 14.49 | E8: 0 | F8: 0 | G8: 18.825584 | H8: 22.60224 | I8: 0 | J8: 0 | K8: 61.30622 | L8: 33.57806 | M8: 0 | N8: 0 | O8: =K8/G8 -> 3.2565375 | P8: =L8/H8 -> 1.4856076 | Q8: 0
A9: 57 | B9: 0 | C9: 0 | D9: 14.49 | E9: 0 | F9: 0 | G9: 18.800799 | H9: 22.59717 | I9: 0 | J9: 0 | K9: 61.19932 | L9: 33.57083 | M9: 0 | N9: 0 | O9: =K9/G9 -> 3.2551446 | P9: =L9/H9 -> 1.485621 | Q9: 0
A10: 58 | B10: 0 | C10: 0 | D10: 14.49 | E10: 0 | F10: 0 | G10: 18.771259 | H10: 22.59031 | I10: 0 | J10: 0 | K10: 61.0763 | L10: 33.56102 | M10: 0 | N10: 0 | O10: =K10/G10 -> 3.2537136 | P10: =L10/H10 -> 1.4856379 | Q10: 0
A11: 59 | B11: 0 | C11: 0 | D11: 14.49 | E11: 0 | F11: 0 | G11: 18.7399 | H11: 22.58222 | I11: 0 | J11: 0 | K11: 60.94729 | L11: 33.54942 | M11: 0 | N11: 0 | O11: =K11/G11 -> 3.252274 | P11: =L11/H11 -> 1.4856564 | Q11: 0
A12: 60 | B12: 0 | C12: 0 | D12: 26.97 | E12: 0 | F12: 0 | G12: 34.197805 | H12: 42.01041 | I12: 0 | J12: 0 | K12: 106.55195 | L12: 60.68363 | M12: 0 | N12: 0 | O12: =K12/G12 -> 3.1157541 | P12: =L12/H12 -> 1.4444903 | Q12: 0
A13: 61 | B13: 0 | C13: 0 | D13: 26.97 | E13: 0 | F13: 0 | G13: 34.142165 | H13: 41.99752 | I13: 0 | J13: 0 | K13: 106.32819 | L13: 60.66573 | M13: 0 | N13: 0 | O13: =K13/G13 -> 3.1142779 | P13: =L13/H13 -> 1.4445074 | Q13: 0
... A31: 79 | B31: 0 | C31: 0 | D31: 73.28 | E31: 0 | F31: 0 | G31: 82.015853 | H31: 111.96426 | I31: 0 | J31: 0 | K31: 195.88721 | L31: 106.47398 | M31: 0 | N31: 0 | O31: =K31/G31 -> 2.3884067 | P31: =L31/H31 -> 0.950964 | Q31: 0
F36: two | G36: three | H36: four | I36: one | J36: two | K36: three | L36: four | M36: one | N36: two | O36: three | P36: four
E37: one
E39: 1
E40: 2
E41: 3
E42: 4
E43: 5
E44: 6
E45: 7
E46: 8
E47: 9
E48: 10
E49: 11
E50: 12
... E69: 25
E70: 26 | F70: 30
E71: 27
E72: 28
E73: 29
E74: 30

Sheet Stage2to2
A1: Age | B1: Engine - SoC Markov trace - Stage 1 | C1: Engine - SoC Markov trace - Stage 2 | D1: Engine - SoC Markov trace - Stage 3 | E1: Engine - SoC Markov trace - Stage 4 | F1: Engine - Galleri Markov trace - Stage 1 | G1: Engine - Galleri Markov trace - Stage 2 | H1: Engine - Galleri Markov trace - Stage 3 | I1: Engine - Galleri Markov trace - Stage 4 | J1: Post-diagnosis calculation - QALYs Galleri Stage 1 | K1: Post-diagnosis calculation - QALYs Galleri stage 2 | L1: Post-diagnosis calculation - QALYs Galleri stage 3 | M1: Post-diagnosis calculation - QALYs Galleri stage 4 | N1: Per patient QALYs 4 to 1 | O1: Per patient QALYs 4 to 2 | P1: Per patient QALYs 4 to 3 | Q1: Per patient QALYs 4 to 4
A2: 50 | B2: 0 | C2: 1.86 | D2: 0 | E2: 0 | F2: 0 | G2: 1.86 | H2: 0 | I2: 0 | J2: 0 | K2: 11.82228 | L2: 0 | M2: 0 | N2: 0 | O2: =K2/G2 -> 6.3560645 | P2: 0 | Q2: 0
A3: 51 | B3: 0 | C3: 1.86 | D3: 0 | E3: 0 | F3: 0 | G3: 1.86 | H3: 0 | I3: 0 | J3: 0 | K3: 11.82228 | L3: 0 | M3: 0 | N3: 0 | O3: =K3/G3 -> 6.3560645 | P3: 0 | Q3: 0
A4: 52 | B4: 0 | C4: 1.86 | D4: 0 | E4: 0 | F4: 0 | G4: 1.86 | H4: 0 | I4: 0 | J4: 0 | K4: 11.82228 | L4: 0 | M4: 0 | N4: 0 | O4: =K4/G4 -> 6.3560645 | P4: 0 | Q4: 0
A5: 53 | B5: 0 | C5: 1.86 | D5: 0 | E5: 0 | F5: 0 | G5: 1.86 | H5: 0 | I5: 0 | J5: 0 | K5: 11.82228 | L5: 0 | M5: 0 | N5: 0 | O5: =K5/G5 -> 6.3560645 | P5: 0 | Q5: 0
A6: 54 | B6: 0 | C6: 1.86 | D6: 0 | E6: 0 | F6: 0 | G6: 1.86 | H6: 0 | I6: 0 | J6: 0 | K6: 11.82228 | L6: 0 | M6: 0 | N6: 0 | O6: =K6/G6 -> 6.3560645 | P6: 0 | Q6: 0
A7: 55 | B7: 0 | C7: 4.51 | D7: 0 | E7: 0 | F7: 0 | G7: 4.51 | H7: 0 | I7: 0 | J7: 0 | K7: 28.24033 | L7: 0 | M7: 0 | N7: 0 | O7: =K7/G7 -> 6.261714 | P7: 0 | Q7: 0
A8: 56 | B8: 0 | C8: 4.51 | D8: 0 | E8: 0 | F8: 0 | G8: 4.51 | H8: 0 | I8: 0 | J8: 0 | K8: 28.24033 | L8: 0 | M8: 0 | N8: 0 | O8: =K8/G8 -> 6.261714 | P8: 0 | Q8: 0
A9: 57 | B9: 0 | C9: 4.51 | D9: 0 | E9: 0 | F9: 0 | G9: 4.51 | H9: 0 | I9: 0 | J9: 0 | K9: 28.24033 | L9: 0 | M9: 0 | N9: 0 | O9: =K9/G9 -> 6.261714 | P9: 0 | Q9: 0
A10: 58 | B10: 0 | C10: 4.51 | D10: 0 | E10: 0 | F10: 0 | G10: 4.51 | H10: 0 | I10: 0 | J10: 0 | K10: 28.24033 | L10: 0 | M10: 0 | N10: 0 | O10: =K10/G10 -> 6.261714 | P10: 0 | Q10: 0
A11: 59 | B11: 0 | C11: 4.51 | D11: 0 | E11: 0 | F11: 0 | G11: 4.51 | H11: 0 | I11: 0 | J11: 0 | K11: 28.24033 | L11: 0 | M11: 0 | N11: 0 | O11: =K11/G11 -> 6.261714 | P11: 0 | Q11: 0
A12: 60 | B12: 0 | C12: 9.62 | D12: 0 | E12: 0 | F12: 0 | G12: 9.62 | H12: 0 | I12: 0 | J12: 0 | K12: 44.88083 | L12: 0 | M12: 0 | N12: 0 | O12: =K12/G12 -> 4.6653669 | P12: 0 | Q12: 0
A13: 61 | B13: 0 | C13: 9.62 | D13: 0 | E13: 0 | F13: 0 | G13: 9.62 | H13: 0 | I13: 0 | J13: 0 | K13: 44.88083 | L13: 0 | M13: 0 | N13: 0 | O13: =K13/G13 -> 4.6653669 | P13: 0 | Q13: 0
... A31: 79 | B31: 0 | C31: 30 | D31: 0 | E31: 0 | F31: 0 | G31: 30 | H31: 0 | I31: 0 | J31: 0 | K31: 60.71185 | L31: 0 | M31: 0 | N31: 0 | O31: =K31/G31 -> 2.0237283 | P31: 0 | Q31: 0
G36: two | H36: three | I36: four | J36: one | K36: two | L36: three | M36: four | N36: one | O36: two | P36: three | Q36: four
F37: one
F38: two | G38: three | H38: four | I38: one | J38: two | K38: three | L38: four | M38: one | N38: two | O38: three | P38: four
E39: one
F40: two | G40: three | H40: four | I40: one | J40: two | K40: three | L40: four | M40: one | N40: two | O40: three | P40: four
E41: one
E43: 1
E44: 2
E45: 3
E46: 4
E47: 5
E48: 6
E49: 7
E50: 8
E51: 9
E52: 10
E53: 11
E54: 12
... E72: 30

Sheet Stage4to3
A1: Age | B1: Engine - SoC Markov trace - Stage 1 | C1: Engine - SoC Markov trace - Stage 2 | D1: Engine - SoC Markov trace - Stage 3 | E1: Engine - SoC Markov trace - Stage 4 | F1: Engine - Galleri Markov trace - Stage 1 | G1: Engine - Galleri Markov trace - Stage 2 | H1: Engine - Galleri Markov trace - Stage 3 | I1: Engine - Galleri Markov trace - Stage 4 | J1: Post-diagnosis calculation - QALYs Galleri Stage 1 | K1: Post-diagnosis calculation - QALYs Galleri stage 2 | L1: Post-diagnosis calculation - QALYs Galleri stage 3 | M1: Post-diagnosis calculation - QALYs Galleri stage 4 | N1: Per patient QALYs 4 to 1 | O1: Per patient QALYs 4 to 2 | P1: Per patient QALYs 4 to 3 | Q1: Per patient QALYs 4 to 4
A2: 50 | B2: 0 | C2: 0 | D2: 0 | E2: 17.52 | F2: 0 | G2: 0 | H2: 22.48721 | I2: 18.82334 | J2: 0 | K2: 0 | L2: 42.21513 | M2: 14.64728 | N2: 0 | O2: 0 | P2: =L2/H2 -> 1.8772951 | Q2: =M2/I2 -> 0.77814458
A3: 51 | B3: 0 | C3: 0 | D3: 0 | E3: 17.52 | F3: 0 | G3: 0 | H3: 22.47745 | I3: 18.8229 | J3: 0 | K3: 0 | L3: 42.19366 | M3: 14.64695 | N3: 0 | O3: 0 | P3: =L3/H3 -> 1.8771551 | Q3: =M3/I3 -> 0.77814524
A4: 52 | B4: 0 | C4: 0 | D4: 0 | E4: 17.52 | F4: 0 | G4: 0 | H4: 22.46768 | I4: 18.82245 | J4: 0 | K4: 0 | L4: 42.17224 | M4: 14.64661 | N4: 0 | O4: 0 | P4: =L4/H4 -> 1.877018 | Q4: =M4/I4 -> 0.77814578
A5: 53 | B5: 0 | C5: 0 | D5: 0 | E5: 17.52 | F5: 0 | G5: 0 | H5: 22.4595 | I5: 18.82215 | J5: 0 | K5: 0 | L5: 42.15274 | M5: 14.64639 | N5: 0 | O5: 0 | P5: =L5/H5 -> 1.8768334 | Q5: =M5/I5 -> 0.77814649
A6: 54 | B6: 0 | C6: 0 | D6: 0 | E6: 17.52 | F6: 0 | G6: 0 | H6: 22.44647 | I6: 18.82156 | J6: 0 | K6: 0 | L6: 42.12412 | M6: 14.64595 | N6: 0 | O6: 0 | P6: =L6/H6 -> 1.8766479 | Q6: =M6/I6 -> 0.77814751
A7: 55 | B7: 0 | C7: 0 | D7: 0 | E7: 35.51 | F7: 0 | G7: 0 | H7: 45.41449 | I7: 38.14636 | J7: 0 | K7: 0 | L7: 73.00516 | M7: 19.76449 | N7: 0 | O7: 0 | P7: =L7/H7 -> 1.6075301 | Q7: =M7/I7 -> 0.51812257
A8: 56 | B8: 0 | C8: 0 | D8: 0 | E8: 35.51 | F8: 0 | G8: 0 | H8: 45.39121 | I8: 38.14545 | J8: 0 | K8: 0 | L8: 72.95658 | M8: 19.76404 | N8: 0 | O8: 0 | P8: =L8/H8 -> 1.6072843 | Q8: =M8/I8 -> 0.51812313
A9: 57 | B9: 0 | C9: 0 | D9: 0 | E9: 35.51 | F9: 0 | G9: 0 | H9: 45.35871 | I9: 38.14413 | J9: 0 | K9: 0 | L9: 72.89075 | M9: 19.76338 | N9: 0 | O9: 0 | P9: =L9/H9 -> 1.6069846 | Q9: =M9/I9 -> 0.51812376
A10: 58 | B10: 0 | C10: 0 | D10: 0 | E10: 35.51 | F10: 0 | G10: 0 | H10: 45.31584 | I10: 38.14227 | J10: 0 | K10: 0 | L10: 72.80742 | M10: 19.76245 | N10: 0 | O10: 0 | P10: =L10/H10 -> 1.606666 | Q10: =M10/I10 -> 0.51812464
A11: 59 | B11: 0 | C11: 0 | D11: 0 | E11: 35.51 | F11: 0 | G11: 0 | H11: 45.26683 | I11: 38.13993 | J11: 0 | K11: 0 | L11: 72.71605 | M11: 19.76129 | N11: 0 | O11: 0 | P11: =L11/H11 -> 1.6063871 | Q11: =M11/I11 -> 0.51812602
A12: 60 | B12: 0 | C12: 0 | D12: 0 | E12: 65.09 | F12: 0 | G12: 0 | H12: 82.7479 | I12: 69.90611 | J12: 0 | K12: 0 | L12: 127.69859 | M12: 33.29611 | N12: 0 | O12: 0 | P12: =L12/H12 -> 1.5432245 | Q12: =M12/I12 -> 0.47629757
A13: 61 | B13: 0 | C13: 0 | D13: 0 | E13: 65.09 | F13: 0 | G13: 0 | H13: 82.66845 | I13: 69.90267 | J13: 0 | K13: 0 | L13: 127.54876 | M13: 33.29453 | N13: 0 | O13: 0 | P13: =L13/H13 -> 1.5428953 | Q13: =M13/I13 -> 0.4762984
... A31: 79 | B31: 0 | C31: 0 | D31: 0 | E31: 169.87 | F31: 0 | G31: 0 | H31: 202.73445 | I31: 181.86907 | J31: 0 | K31: 0 | L31: 268.19002 | M31: 57.2567 | N31: 0 | O31: 0 | P31: =L31/H31 -> 1.3228636 | Q31: =M31/I31 -> 0.31482374
N36: two | O36: three | P36: four | Q36: one | R36: two | S36: three | T36: four | U36: one | V36: two | W36: three | X36: four
M37: one
D39: two | E39: three | F39: four | G39: one | H39: two | I39: three | J39: four | K39: one | L39: two | M39: three | N39: four
C40: one
C42: 1
C43: 2
C44: 3
C45: 4
C46: 5
C47: 6
C48: 7
C49: 8
C50: 9
C51: 10
C52: 11
C53: 12 | P53: four
C54: 13
C55: 14
C56: 15
C57: 16
C58: 17
C59: 18
C60: 19
C61: 20
C62: 21
C63: 22
C64: 23
C65: 24
... C71: 30
E72: 17
E73: 18
E74: 19
E75: 20
E76: 21
E77: 22
E78: 23
E79: 24
E80: 25
E81: 26
E82: 27
E83: 28
... E85: 30

Sheet Stage3to3
A1: Age | B1: Engine - SoC Markov trace - Stage 1 | C1: Engine - SoC Markov trace - Stage 2 | D1: Engine - SoC Markov trace - Stage 3 | E1: Engine - SoC Markov trace - Stage 4 | F1: Engine - Galleri Markov trace - Stage 1 | G1: Engine - Galleri Markov trace - Stage 2 | H1: Engine - Galleri Markov trace - Stage 3 | I1: Engine - Galleri Markov trace - Stage 4 | J1: Post-diagnosis calculation - QALYs Galleri Stage 1 | K1: Post-diagnosis calculation - QALYs Galleri stage 2 | L1: Post-diagnosis calculation - QALYs Galleri stage 3 | M1: Post-diagnosis calculation - QALYs Galleri stage 4 | N1: Per patient QALYs 4 to 1 | O1: Per patient QALYs 4 to 2 | P1: Per patient QALYs 4 to 3 | Q1: Per patient QALYs 4 to 4
A2: 50 | B2: 0 | C2: 0 | D2: 6.72 | E2: 0 | F2: 0 | G2: 0 | H2: 6.72 | I2: 0 | J2: 0 | K2: 0 | L2: 12.12323 | M2: 0 | N2: 0 | O2: 0 | P2: =L2/H2 -> 1.8040521 | Q2: 0
A3: 51 | B3: 0 | C3: 0 | D3: 6.72 | E3: 0 | F3: 0 | G3: 0 | H3: 6.72 | I3: 0 | J3: 0 | K3: 0 | L3: 12.12323 | M3: 0 | N3: 0 | O3: 0 | P3: =L3/H3 -> 1.8040521 | Q3: 0
A4: 52 | B4: 0 | C4: 0 | D4: 6.72 | E4: 0 | F4: 0 | G4: 0 | H4: 6.72 | I4: 0 | J4: 0 | K4: 0 | L4: 12.12323 | M4: 0 | N4: 0 | O4: 0 | P4: =L4/H4 -> 1.8040521 | Q4: 0
A5: 53 | B5: 0 | C5: 0 | D5: 6.72 | E5: 0 | F5: 0 | G5: 0 | H5: 6.72 | I5: 0 | J5: 0 | K5: 0 | L5: 12.12323 | M5: 0 | N5: 0 | O5: 0 | P5: =L5/H5 -> 1.8040521 | Q5: 0
A6: 54 | B6: 0 | C6: 0 | D6: 6.72 | E6: 0 | F6: 0 | G6: 0 | H6: 6.72 | I6: 0 | J6: 0 | K6: 0 | L6: 12.12323 | M6: 0 | N6: 0 | O6: 0 | P6: =L6/H6 -> 1.8040521 | Q6: 0
A7: 55 | B7: 0 | C7: 0 | D7: 14.49 | E7: 0 | F7: 0 | G7: 0 | H7: 14.49 | I7: 0 | J7: 0 | K7: 0 | L7: 21.85897 | M7: 0 | N7: 0 | O7: 0 | P7: =L7/H7 -> 1.5085556 | Q7: 0
A8: 56 | B8: 0 | C8: 0 | D8: 14.49 | E8: 0 | F8: 0 | G8: 0 | H8: 14.49 | I8: 0 | J8: 0 | K8: 0 | L8: 21.85897 | M8: 0 | N8: 0 | O8: 0 | P8: =L8/H8 -> 1.5085556 | Q8: 0
A9: 57 | B9: 0 | C9: 0 | D9: 14.49 | E9: 0 | F9: 0 | G9: 0 | H9: 14.49 | I9: 0 | J9: 0 | K9: 0 | L9: 21.85897 | M9: 0 | N9: 0 | O9: 0 | P9: =L9/H9 -> 1.5085556 | Q9: 0
A10: 58 | B10: 0 | C10: 0 | D10: 14.49 | E10: 0 | F10: 0 | G10: 0 | H10: 14.49 | I10: 0 | J10: 0 | K10: 0 | L10: 21.85897 | M10: 0 | N10: 0 | O10: 0 | P10: =L10/H10 -> 1.5085556 | Q10: 0
A11: 59 | B11: 0 | C11: 0 | D11: 14.49 | E11: 0 | F11: 0 | G11: 0 | H11: 14.49 | I11: 0 | J11: 0 | K11: 0 | L11: 21.85897 | M11: 0 | N11: 0 | O11: 0 | P11: =L11/H11 -> 1.5085556 | Q11: 0
A12: 60 | B12: 0 | C12: 0 | D12: 26.97 | E12: 0 | F12: 0 | G12: 0 | H12: 26.97 | I12: 0 | J12: 0 | K12: 0 | L12: 39.55796 | M12: 0 | N12: 0 | O12: 0 | P12: =L12/H12 -> 1.4667393 | Q12: 0
A13: 61 | B13: 0 | C13: 0 | D13: 26.97 | E13: 0 | F13: 0 | G13: 0 | H13: 26.97 | I13: 0 | J13: 0 | K13: 0 | L13: 39.55796 | M13: 0 | N13: 0 | O13: 0 | P13: =L13/H13 -> 1.4667393 | Q13: 0
... A31: 79 | B31: 0 | C31: 0 | D31: 73.28 | E31: 0 | F31: 0 | G31: 0 | H31: 73.28 | I31: 0 | J31: 0 | K31: 0 | L31: 70.70112 | M31: 0 | N31: 0 | O31: 0 | P31: =L31/H31 -> 0.96480786 | Q31: 0
F40: two | G40: three | H40: four | I40: one | J40: two | K40: three | L40: four | M40: one | N40: two | O40: three | P40: four
E41: one
C42: two | D42: three | E42: four | F42: one | G42: two | H42: three | I42: four | J42: one | K42: two | L42: three | M42: four
B43: one
B45: 1
B46: 2
B47: 3
B48: 4
B49: 5
B50: 6
B51: 7
B52: 8
B53: 9
B54: 10
B55: 11
B56: 12
... B74: 30

Sheet Stage4to4
A1: Age | B1: Engine - SoC Markov trace - Stage 1 | C1: Engine - SoC Markov trace - Stage 2 | D1: Engine - SoC Markov trace - Stage 3 | E1: Engine - SoC Markov trace - Stage 4 | F1: Engine - Galleri Markov trace - Stage 1 | G1: Engine - Galleri Markov trace - Stage 2 | H1: Engine - Galleri Markov trace - Stage 3 | I1: Engine - Galleri Markov trace - Stage 4 | J1: Post-diagnosis calculation - QALYs Galleri Stage 1 | K1: Post-diagnosis calculation - QALYs Galleri stage 2 | L1: Post-diagnosis calculation - QALYs Galleri stage 3 | M1: Post-diagnosis calculation - QALYs Galleri stage 4 | N1: Per patient QALYs 4 to 1 | O1: Per patient QALYs 4 to 2 | P1: Per patient QALYs 4 to 3 | Q1: Per patient QALYs 4 to 4
A2: 50 | B2: 0 | C2: 0 | D2: 0 | E2: 17.52 | F2: 0 | G2: 0 | H2: 0 | I2: 17.52 | J2: 0 | K2: 0 | L2: 0 | M2: 13.66741 | N2: 0 | O2: 0 | P2: 0 | Q2: =M2/I2 -> 0.78010331
A3: 51 | B3: 0 | C3: 0 | D3: 0 | E3: 17.52 | F3: 0 | G3: 0 | H3: 0 | I3: 17.52 | J3: 0 | K3: 0 | L3: 0 | M3: 13.66741 | N3: 0 | O3: 0 | P3: 0 | Q3: =M3/I3 -> 0.78010331
A4: 52 | B4: 0 | C4: 0 | D4: 0 | E4: 17.52 | F4: 0 | G4: 0 | H4: 0 | I4: 17.52 | J4: 0 | K4: 0 | L4: 0 | M4: 13.66741 | N4: 0 | O4: 0 | P4: 0 | Q4: =M4/I4 -> 0.78010331
A5: 53 | B5: 0 | C5: 0 | D5: 0 | E5: 17.52 | F5: 0 | G5: 0 | H5: 0 | I5: 17.52 | J5: 0 | K5: 0 | L5: 0 | M5: 13.66741 | N5: 0 | O5: 0 | P5: 0 | Q5: =M5/I5 -> 0.78010331
A6: 54 | B6: 0 | C6: 0 | D6: 0 | E6: 17.52 | F6: 0 | G6: 0 | H6: 0 | I6: 17.52 | J6: 0 | K6: 0 | L6: 0 | M6: 13.66741 | N6: 0 | O6: 0 | P6: 0 | Q6: =M6/I6 -> 0.78010331
A7: 55 | B7: 0 | C7: 0 | D7: 0 | E7: 35.51 | F7: 0 | G7: 0 | H7: 0 | I7: 35.51 | J7: 0 | K7: 0 | L7: 0 | M7: 18.44473 | N7: 0 | O7: 0 | P7: 0 | Q7: =M7/I7 -> 0.51942354
A8: 56 | B8: 0 | C8: 0 | D8: 0 | E8: 35.51 | F8: 0 | G8: 0 | H8: 0 | I8: 35.51 | J8: 0 | K8: 0 | L8: 0 | M8: 18.44473 | N8: 0 | O8: 0 | P8: 0 | Q8: =M8/I8 -> 0.51942354
A9: 57 | B9: 0 | C9: 0 | D9: 0 | E9: 35.51 | F9: 0 | G9: 0 | H9: 0 | I9: 35.51 | J9: 0 | K9: 0 | L9: 0 | M9: 18.44473 | N9: 0 | O9: 0 | P9: 0 | Q9: =M9/I9 -> 0.51942354
A10: 58 | B10: 0 | C10: 0 | D10: 0 | E10: 35.51 | F10: 0 | G10: 0 | H10: 0 | I10: 35.51 | J10: 0 | K10: 0 | L10: 0 | M10: 18.44473 | N10: 0 | O10: 0 | P10: 0 | Q10: =M10/I10 -> 0.51942354
A11: 59 | B11: 0 | C11: 0 | D11: 0 | E11: 35.51 | F11: 0 | G11: 0 | H11: 0 | I11: 35.51 | J11: 0 | K11: 0 | L11: 0 | M11: 18.44473 | N11: 0 | O11: 0 | P11: 0 | Q11: =M11/I11 -> 0.51942354
A12: 60 | B12: 0 | C12: 0 | D12: 0 | E12: 65.09 | F12: 0 | G12: 0 | H12: 0 | I12: 65.09 | J12: 0 | K12: 0 | L12: 0 | M12: 31.07979 | N12: 0 | O12: 0 | P12: 0 | Q12: =M12/I12 -> 0.47748948
A13: 61 | B13: 0 | C13: 0 | D13: 0 | E13: 65.09 | F13: 0 | G13: 0 | H13: 0 | I13: 65.09 | J13: 0 | K13: 0 | L13: 0 | M13: 31.07979 | N13: 0 | O13: 0 | P13: 0 | Q13: =M13/I13 -> 0.47748948
... A31: 79 | B31: 0 | C31: 0 | D31: 0 | E31: 169.87 | F31: 0 | G31: 0 | H31: 0 | I31: 169.87 | J31: 0 | K31: 0 | L31: 0 | M31: 53.60681 | N31: 0 | O31: 0 | P31: 0 | Q31: =M31/I31 -> 0.3155755
C39: one | D39: two | E39: three | F39: four | G39: one | H39: two | I39: three | J39: four | K39: one | L39: two | M39: three | N39: four
C41: 1
C42: 2
C43: 3
C44: 4
C45: 5
C46: 6
C47: 7
C48: 8
C49: 9
C50: 10
C51: 11
C52: 12
... C70: 30
F71: 25
F72: 26
F73: 27
F74: 28
F75: 29
F76: 30

Sheet Graph
B1: Undiagnosed Cancer | I1: Expected QALYs | P1: Expected QALYs for undiagnosed lung cancer
B2: Stage I | C2: Stage II | D2: Stage III | E2: Stage IV | G2: Age | H2: Gen pop QALYs | I2: Stage I | J2: Stage II | K2: Stage III | L2: Stage IV | N2: Age | O2: Gen pop QALYs | P2: Stage I | Q2: Stage II | R2: Stage III | S2: Stage IV
A3: 50 | B3: =(Stage4to1!J2+Stage3to1!J2+Stage2to1!J2+Stage1to1!J2)/(Stage4to1!F2+Stage3to1!F2+Stage2to1!F2+Stage1to1!F2) -> 5.4139755 | C3: =(Stage4to1!K2+Stage3to1!K2+Stage2to1!K2+Stage1to1!K2+Stage4to2!K2+Stage3to2!K2+Stage2to2!K2)/(Stage4to1!G2+Stage3to1!G2+Stage2to1!G2+Stage1to1!G2+Stage4to2!G2+Stage3to2!G2+Stage2to2!G2) -> 3.3643994 | D3: =(Stage4to1!L2+Stage3to1!L2+Stage2to1!L2+Stage1to1!L2+Stage4to2!L2+Stage3to2!L2+Stage2to2!L2+Stage4to3!L2+Stage3to3!L2)/(Stage4to1!H2+Stage3to1!H2+Stage2to1!H2+Stage1to1!H2+Stage4to2!H2+Stage3to2!H2+Stage2to2!H2+Stage4to3!H2+Stage3to3!H2) -> 1.9314957 | E3: =(Stage4to1!M2+Stage3to1!M2+Stage2to1!M2+Stage1to1!M2+Stage4to2!M2+Stage3to2!M2+Stage2to2!M2+Stage4to3!M2+Stage3to3!M2+Stage4to4!M2)/(Stage4to1!I2+Stage3to1!I2+Stage2to1!I2+Stage1to1!I2+Stage4to2!I2+Stage3to2!I2+Stage2to2!I2+Stage4to3!I2+Stage3to3!I2+Stage4to4!I2) -> 0.77499481 | G3: 50 | H3: 15.926122 | I3: =ROUND(B3,1) -> 5.4 | J3: =ROUND(C3,1) -> 3.4 | K3: =ROUND(D3,1) -> 1.9 | L3: =ROUND(E3,1) -> 0.8 | N3: 50 | O3: =ROUND(H3,1) -> 15.9 | P3: =ROUND(I3,1) -> 5.4 | Q3: =ROUND(J3,1) -> 3.4 | R3: =ROUND(K3,1) -> 1.9 | S3: =ROUND(L3,1) -> 0.8
A4: 51 | B4: =(Stage4to1!J3+Stage3to1!J3+Stage2to1!J3+Stage1to1!J3)/(Stage4to1!F3+Stage3to1!F3+Stage2to1!F3+Stage1to1!F3) -> 5.411537 | C4: =(Stage4to1!K3+Stage3to1!K3+Stage2to1!K3+Stage1to1!K3+Stage4to2!K3+Stage3to2!K3+Stage2to2!K3)/(Stage4to1!G3+Stage3to1!G3+Stage2to1!G3+Stage1to1!G3+Stage4to2!G3+Stage3to2!G3+Stage2to2!G3) -> 3.3638337 | D4: =(Stage4to1!L3+Stage3to1!L3+Stage2to1!L3+Stage1to1!L3+Stage4to2!L3+Stage3to2!L3+Stage2to2!L3+Stage4to3!L3+Stage3to3!L3)/(Stage4to1!H3+Stage3to1!H3+Stage2to1!H3+Stage1to1!H3+Stage4to2!H3+Stage3to2!H3+Stage2to2!H3+Stage4to3!H3+Stage3to3!H3) -> 1.9313139 | E4: =(Stage4to1!M3+Stage3to1!M3+Stage2to1!M3+Stage1to1!M3+Stage4to2!M3+Stage3to2!M3+Stage2to2!M3+Stage4to3!M3+Stage3to3!M3+Stage4to4!M3)/(Stage4to1!I3+Stage3to1!I3+Stage2to1!I3+Stage1to1!I3+Stage4to2!I3+Stage3to2!I3+Stage2to2!I3+Stage4to3!I3+Stage3to3!I3+Stage4to4!I3) -> 0.77499679 | G4: 51 | H4: 15.626547 | I4: =ROUND(B4,1) -> 5.4 | J4: =ROUND(C4,1) -> 3.4 | K4: =ROUND(D4,1) -> 1.9 | L4: =ROUND(E4,1) -> 0.8 | N4: 51 | O4: =ROUND(H4,1) -> 15.6 | P4: =ROUND(I4,1) -> 5.4 | Q4: =ROUND(J4,1) -> 3.4 | R4: =ROUND(K4,1) -> 1.9 | S4: =ROUND(L4,1) -> 0.8
A5: 52 | B5: =(Stage4to1!J4+Stage3to1!J4+Stage2to1!J4+Stage1to1!J4)/(Stage4to1!F4+Stage3to1!F4+Stage2to1!F4+Stage1to1!F4) -> 5.4088285 | C5: =(Stage4to1!K4+Stage3to1!K4+Stage2to1!K4+Stage1to1!K4+Stage4to2!K4+Stage3to2!K4+Stage2to2!K4)/(Stage4to1!G4+Stage3to1!G4+Stage2to1!G4+Stage1to1!G4+Stage4to2!G4+Stage3to2!G4+Stage2to2!G4) -> 3.3631921 | D5: =(Stage4to1!L4+Stage3to1!L4+Stage2to1!L4+Stage1to1!L4+Stage4to2!L4+Stage3to2!L4+Stage2to2!L4+Stage4to3!L4+Stage3to3!L4)/(Stage4to1!H4+Stage3to1!H4+Stage2to1!H4+Stage1to1!H4+Stage4to2!H4+Stage3to2!H4+Stage2to2!H4+Stage4to3!H4+Stage3to3!H4) -> 1.9311248 | E5: =(Stage4to1!M4+Stage3to1!M4+Stage2to1!M4+Stage1to1!M4+Stage4to2!M4+Stage3to2!M4+Stage2to2!M4+Stage4to3!M4+Stage3to3!M4+Stage4to4!M4)/(Stage4to1!I4+Stage3to1!I4+Stage2to1!I4+Stage1to1!I4+Stage4to2!I4+Stage3to2!I4+Stage2to2!I4+Stage4to3!I4+Stage3to3!I4+Stage4to4!I4) -> 0.77499887 | G5: 52 | H5: 15.322131 | I5: =ROUND(B5,1) -> 5.4 | J5: =ROUND(C5,1) -> 3.4 | K5: =ROUND(D5,1) -> 1.9 | L5: =ROUND(E5,1) -> 0.8 | N5: 52 | O5: =ROUND(H5,1) -> 15.3 | P5: =ROUND(I5,1) -> 5.4 | Q5: =ROUND(J5,1) -> 3.4 | R5: =ROUND(K5,1) -> 1.9 | S5: =ROUND(L5,1) -> 0.8
A6: 53 | B6: =(Stage4to1!J5+Stage3to1!J5+Stage2to1!J5+Stage1to1!J5)/(Stage4to1!F5+Stage3to1!F5+Stage2to1!F5+Stage1to1!F5) -> 5.4058427 | C6: =(Stage4to1!K5+Stage3to1!K5+Stage2to1!K5+Stage1to1!K5+Stage4to2!K5+Stage3to2!K5+Stage2to2!K5)/(Stage4to1!G5+Stage3to1!G5+Stage2to1!G5+Stage1to1!G5+Stage4to2!G5+Stage3to2!G5+Stage2to2!G5) -> 3.3624476 | D6: =(Stage4to1!L5+Stage3to1!L5+Stage2to1!L5+Stage1to1!L5+Stage4to2!L5+Stage3to2!L5+Stage2to2!L5+Stage4to3!L5+Stage3to3!L5)/(Stage4to1!H5+Stage3to1!H5+Stage2to1!H5+Stage1to1!H5+Stage4to2!H5+Stage3to2!H5+Stage2to2!H5+Stage4to3!H5+Stage3to3!H5) -> 1.9308955 | E6: =(Stage4to1!M5+Stage3to1!M5+Stage2to1!M5+Stage1to1!M5+Stage4to2!M5+Stage3to2!M5+Stage2to2!M5+Stage4to3!M5+Stage3to3!M5+Stage4to4!M5)/(Stage4to1!I5+Stage3to1!I5+Stage2to1!I5+Stage1to1!I5+Stage4to2!I5+Stage3to2!I5+Stage2to2!I5+Stage4to3!I5+Stage3to3!I5+Stage4to4!I5) -> 0.77500055 | G6: 53 | H6: 15.012754 | I6: =ROUND(B6,1) -> 5.4 | J6: =ROUND(C6,1) -> 3.4 | K6: =ROUND(D6,1) -> 1.9 | L6: =ROUND(E6,1) -> 0.8 | N6: 53 | O6: =ROUND(H6,1) -> 15 | P6: =ROUND(I6,1) -> 5.4 | Q6: =ROUND(J6,1) -> 3.4 | R6: =ROUND(K6,1) -> 1.9 | S6: =ROUND(L6,1) -> 0.8
A7: 54 | B7: =(Stage4to1!J6+Stage3to1!J6+Stage2to1!J6+Stage1to1!J6)/(Stage4to1!F6+Stage3to1!F6+Stage2to1!F6+Stage1to1!F6) -> 5.4026472 | C7: =(Stage4to1!K6+Stage3to1!K6+Stage2to1!K6+Stage1to1!K6+Stage4to2!K6+Stage3to2!K6+Stage2to2!K6)/(Stage4to1!G6+Stage3to1!G6+Stage2to1!G6+Stage1to1!G6+Stage4to2!G6+Stage3to2!G6+Stage2to2!G6) -> 3.3616484 | D7: =(Stage4to1!L6+Stage3to1!L6+Stage2to1!L6+Stage1to1!L6+Stage4to2!L6+Stage3to2!L6+Stage2to2!L6+Stage4to3!L6+Stage3to3!L6)/(Stage4to1!H6+Stage3to1!H6+Stage2to1!H6+Stage1to1!H6+Stage4to2!H6+Stage3to2!H6+Stage2to2!H6+Stage4to3!H6+Stage3to3!H6) -> 1.9306493 | E7: =(Stage4to1!M6+Stage3to1!M6+Stage2to1!M6+Stage1to1!M6+Stage4to2!M6+Stage3to2!M6+Stage2to2!M6+Stage4to3!M6+Stage3to3!M6+Stage4to4!M6)/(Stage4to1!I6+Stage3to1!I6+Stage2to1!I6+Stage1to1!I6+Stage4to2!I6+Stage3to2!I6+Stage2to2!I6+Stage4to3!I6+Stage3to3!I6+Stage4to4!I6) -> 0.77500341 | G7: 54 | H7: 14.697495 | I7: =ROUND(B7,1) -> 5.4 | J7: =ROUND(C7,1) -> 3.4 | K7: =ROUND(D7,1) -> 1.9 | L7: =ROUND(E7,1) -> 0.8 | N7: 54 | O7: =ROUND(H7,1) -> 14.7 | P7: =ROUND(I7,1) -> 5.4 | Q7: =ROUND(J7,1) -> 3.4 | R7: =ROUND(K7,1) -> 1.9 | S7: =ROUND(L7,1) -> 0.8
A8: 55 | B8: =(Stage4to1!J7+Stage3to1!J7+Stage2to1!J7+Stage1to1!J7)/(Stage4to1!F7+Stage3to1!F7+Stage2to1!F7+Stage1to1!F7) -> 4.8899401 | C8: =(Stage4to1!K7+Stage3to1!K7+Stage2to1!K7+Stage1to1!K7+Stage4to2!K7+Stage3to2!K7+Stage2to2!K7)/(Stage4to1!G7+Stage3to1!G7+Stage2to1!G7+Stage1to1!G7+Stage4to2!G7+Stage3to2!G7+Stage2to2!G7) -> 3.0963829 | D8: =(Stage4to1!L7+Stage3to1!L7+Stage2to1!L7+Stage1to1!L7+Stage4to2!L7+Stage3to2!L7+Stage2to2!L7+Stage4to3!L7+Stage3to3!L7)/(Stage4to1!H7+Stage3to1!H7+Stage2to1!H7+Stage1to1!H7+Stage4to2!H7+Stage3to2!H7+Stage2to2!H7+Stage4to3!H7+Stage3to3!H7) -> 1.6412507 | E8: =(Stage4to1!M7+Stage3to1!M7+Stage2to1!M7+Stage1to1!M7+Stage4to2!M7+Stage3to2!M7+Stage2to2!M7+Stage4to3!M7+Stage3to3!M7+Stage4to4!M7)/(Stage4to1!I7+Stage3to1!I7+Stage2to1!I7+Stage1to1!I7+Stage4to2!I7+Stage3to2!I7+Stage2to2!I7+Stage4to3!I7+Stage3to3!I7+Stage4to4!I7) -> 0.51606395 | G8: 55 | H8: 14.376846 | I8: =ROUND(B8,1) -> 4.9 | J8: =ROUND(C8,1) -> 3.1 | K8: =ROUND(D8,1) -> 1.6 | L8: =ROUND(E8,1) -> 0.5 | N8: 55 | O8: =ROUND(H8,1) -> 14.4 | P8: =ROUND(I8,1) -> 4.9 | Q8: =ROUND(J8,1) -> 3.1 | R8: =ROUND(K8,1) -> 1.6 | S8: =ROUND(L8,1) -> 0.5
A9: 56 | B9: =(Stage4to1!J8+Stage3to1!J8+Stage2to1!J8+Stage1to1!J8)/(Stage4to1!F8+Stage3to1!F8+Stage2to1!F8+Stage1to1!F8) -> 4.8863548 | C9: =(Stage4to1!K8+Stage3to1!K8+Stage2to1!K8+Stage1to1!K8+Stage4to2!K8+Stage3to2!K8+Stage2to2!K8)/(Stage4to1!G8+Stage3to1!G8+Stage2to1!G8+Stage1to1!G8+Stage4to2!G8+Stage3to2!G8+Stage2to2!G8) -> 3.0954621 | D9: =(Stage4to1!L8+Stage3to1!L8+Stage2to1!L8+Stage1to1!L8+Stage4to2!L8+Stage3to2!L8+Stage2to2!L8+Stage4to3!L8+Stage3to3!L8)/(Stage4to1!H8+Stage3to1!H8+Stage2to1!H8+Stage1to1!H8+Stage4to2!H8+Stage3to2!H8+Stage2to2!H8+Stage4to3!H8+Stage3to3!H8) -> 1.6409388 | E9: =(Stage4to1!M8+Stage3to1!M8+Stage2to1!M8+Stage1to1!M8+Stage4to2!M8+Stage3to2!M8+Stage2to2!M8+Stage4to3!M8+Stage3to3!M8+Stage4to4!M8)/(Stage4to1!I8+Stage3to1!I8+Stage2to1!I8+Stage1to1!I8+Stage4to2!I8+Stage3to2!I8+Stage2to2!I8+Stage4to3!I8+Stage3to3!I8+Stage4to4!I8) -> 0.51606555 | G9: 56 | H9: 14.05178 | I9: =ROUND(B9,1) -> 4.9 | J9: =ROUND(C9,1) -> 3.1 | K9: =ROUND(D9,1) -> 1.6 | L9: =ROUND(E9,1) -> 0.5 | N9: 56 | O9: =ROUND(H9,1) -> 14.1 | P9: =ROUND(I9,1) -> 4.9 | Q9: =ROUND(J9,1) -> 3.1 | R9: =ROUND(K9,1) -> 1.6 | S9: =ROUND(L9,1) -> 0.5
A10: 57 | B10: =(Stage4to1!J9+Stage3to1!J9+Stage2to1!J9+Stage1to1!J9)/(Stage4to1!F9+Stage3to1!F9+Stage2to1!F9+Stage1to1!F9) -> 4.8825314 | C10: =(Stage4to1!K9+Stage3to1!K9+Stage2to1!K9+Stage1to1!K9+Stage4to2!K9+Stage3to2!K9+Stage2to2!K9)/(Stage4to1!G9+Stage3to1!G9+Stage2to1!G9+Stage1to1!G9+Stage4to2!G9+Stage3to2!G9+Stage2to2!G9) -> 3.0945244 | D10: =(Stage4to1!L9+Stage3to1!L9+Stage2to1!L9+Stage1to1!L9+Stage4to2!L9+Stage3to2!L9+Stage2to2!L9+Stage4to3!L9+Stage3to3!L9)/(Stage4to1!H9+Stage3to1!H9+Stage2to1!H9+Stage1to1!H9+Stage4to2!H9+Stage3to2!H9+Stage2to2!H9+Stage4to3!H9+Stage3to3!H9) -> 1.6405746 | E10: =(Stage4to1!M9+Stage3to1!M9+Stage2to1!M9+Stage1to1!M9+Stage4to2!M9+Stage3to2!M9+Stage2to2!M9+Stage4to3!M9+Stage3to3!M9+Stage4to4!M9)/(Stage4to1!I9+Stage3to1!I9+Stage2to1!I9+Stage1to1!I9+Stage4to2!I9+Stage3to2!I9+Stage2to2!I9+Stage4to3!I9+Stage3to3!I9+Stage4to4!I9) -> 0.51606779 | G10: 57 | H10: 13.723302 | I10: =ROUND(B10,1) -> 4.9 | J10: =ROUND(C10,1) -> 3.1 | K10: =ROUND(D10,1) -> 1.6 | L10: =ROUND(E10,1) -> 0.5 | N10: 57 | O10: =ROUND(H10,1) -> 13.7 | P10: =ROUND(I10,1) -> 4.9 | Q10: =ROUND(J10,1) -> 3.1 | R10: =ROUND(K10,1) -> 1.6 | S10: =ROUND(L10,1) -> 0.5
A11: 58 | B11: =(Stage4to1!J10+Stage3to1!J10+Stage2to1!J10+Stage1to1!J10)/(Stage4to1!F10+Stage3to1!F10+Stage2to1!F10+Stage1to1!F10) -> 4.8784032 | C11: =(Stage4to1!K10+Stage3to1!K10+Stage2to1!K10+Stage1to1!K10+Stage4to2!K10+Stage3to2!K10+Stage2to2!K10)/(Stage4to1!G10+Stage3to1!G10+Stage2to1!G10+Stage1to1!G10+Stage4to2!G10+Stage3to2!G10+Stage2to2!G10) -> 3.093607 | D11: =(Stage4to1!L10+Stage3to1!L10+Stage2to1!L10+Stage1to1!L10+Stage4to2!L10+Stage3to2!L10+Stage2to2!L10+Stage4to3!L10+Stage3to3!L10)/(Stage4to1!H10+Stage3to1!H10+Stage2to1!H10+Stage1to1!H10+Stage4to2!H10+Stage3to2!H10+Stage2to2!H10+Stage4to3!H10+Stage3to3!H10) -> 1.6401896 | E11: =(Stage4to1!M10+Stage3to1!M10+Stage2to1!M10+Stage1to1!M10+Stage4to2!M10+Stage3to2!M10+Stage2to2!M10+Stage4to3!M10+Stage3to3!M10+Stage4to4!M10)/(Stage4to1!I10+Stage3to1!I10+Stage2to1!I10+Stage1to1!I10+Stage4to2!I10+Stage3to2!I10+Stage2to2!I10+Stage4to3!I10+Stage3to3!I10+Stage4to4!I10) -> 0.51607067 | G11: 58 | H11: 13.390654 | I11: =ROUND(B11,1) -> 4.9 | J11: =ROUND(C11,1) -> 3.1 | K11: =ROUND(D11,1) -> 1.6 | L11: =ROUND(E11,1) -> 0.5 | N11: 58 | O11: =ROUND(H11,1) -> 13.4 | P11: =ROUND(I11,1) -> 4.9 | Q11: =ROUND(J11,1) -> 3.1 | R11: =ROUND(K11,1) -> 1.6 | S11: =ROUND(L11,1) -> 0.5
A12: 59 | B12: =(Stage4to1!J11+Stage3to1!J11+Stage2to1!J11+Stage1to1!J11)/(Stage4to1!F11+Stage3to1!F11+Stage2to1!F11+Stage1to1!F11) -> 4.8738861 | C12: =(Stage4to1!K11+Stage3to1!K11+Stage2to1!K11+Stage1to1!K11+Stage4to2!K11+Stage3to2!K11+Stage2to2!K11)/(Stage4to1!G11+Stage3to1!G11+Stage2to1!G11+Stage1to1!G11+Stage4to2!G11+Stage3to2!G11+Stage2to2!G11) -> 3.0926566 | D12: =(Stage4to1!L11+Stage3to1!L11+Stage2to1!L11+Stage1to1!L11+Stage4to2!L11+Stage3to2!L11+Stage2to2!L11+Stage4to3!L11+Stage3to3!L11)/(Stage4to1!H11+Stage3to1!H11+Stage2to1!H11+Stage1to1!H11+Stage4to2!H11+Stage3to2!H11+Stage2to2!H11+Stage4to3!H11+Stage3to3!H11) -> 1.6398208 | E12: =(Stage4to1!M11+Stage3to1!M11+Stage2to1!M11+Stage1to1!M11+Stage4to2!M11+Stage3to2!M11+Stage2to2!M11+Stage4to3!M11+Stage3to3!M11+Stage4to4!M11)/(Stage4to1!I11+Stage3to1!I11+Stage2to1!I11+Stage1to1!I11+Stage4to2!I11+Stage3to2!I11+Stage2to2!I11+Stage4to3!I11+Stage3to3!I11+Stage4to4!I11) -> 0.51607408 | G12: 59 | H12: 13.054301 | I12: =ROUND(B12,1) -> 4.9 | J12: =ROUND(C12,1) -> 3.1 | K12: =ROUND(D12,1) -> 1.6 | L12: =ROUND(E12,1) -> 0.5 | N12: 59 | O12: =ROUND(H12,1) -> 13.1 | P12: =ROUND(I12,1) -> 4.9 | Q12: =ROUND(J12,1) -> 3.1 | R12: =ROUND(K12,1) -> 1.6 | S12: =ROUND(L12,1) -> 0.5
A13: 60 | B13: =(Stage4to1!J12+Stage3to1!J12+Stage2to1!J12+Stage1to1!J12)/(Stage4to1!F12+Stage3to1!F12+Stage2to1!F12+Stage1to1!F12) -> 4.5401202 | C13: =(Stage4to1!K12+Stage3to1!K12+Stage2to1!K12+Stage1to1!K12+Stage4to2!K12+Stage3to2!K12+Stage2to2!K12)/(Stage4to1!G12+Stage3to1!G12+Stage2to1!G12+Stage1to1!G12+Stage4to2!G12+Stage3to2!G12+Stage2to2!G12) -> 2.8277609 | D13: =(Stage4to1!L12+Stage3to1!L12+Stage2to1!L12+Stage1to1!L12+Stage4to2!L12+Stage3to2!L12+Stage2to2!L12+Stage4to3!L12+Stage3to3!L12)/(Stage4to1!H12+Stage3to1!H12+Stage2to1!H12+Stage1to1!H12+Stage4to2!H12+Stage3to2!H12+Stage2to2!H12+Stage4to3!H12+Stage3to3!H12) -> 1.5759347 | E13: =(Stage4to1!M12+Stage3to1!M12+Stage2to1!M12+Stage1to1!M12+Stage4to2!M12+Stage3to2!M12+Stage2to2!M12+Stage4to3!M12+Stage3to3!M12+Stage4to4!M12)/(Stage4to1!I12+Stage3to1!I12+Stage2to1!I12+Stage1to1!I12+Stage4to2!I12+Stage3to2!I12+Stage2to2!I12+Stage4to3!I12+Stage3to3!I12+Stage4to4!I12) -> 0.47441214 | G13: 60 | H13: 12.713385 | I13: =ROUND(B13,1) -> 4.5 | J13: =ROUND(C13,1) -> 2.8 | K13: =ROUND(D13,1) -> 1.6 | L13: =ROUND(E13,1) -> 0.5 | N13: 60 | O13: =ROUND(H13,1) -> 12.7 | P13: =ROUND(I13,1) -> 4.5 | Q13: =ROUND(J13,1) -> 2.8 | R13: =ROUND(K13,1) -> 1.6 | S13: =ROUND(L13,1) -> 0.5
A14: 61 | B14: =(Stage4to1!J13+Stage3to1!J13+Stage2to1!J13+Stage1to1!J13)/(Stage4to1!F13+Stage3to1!F13+Stage2to1!F13+Stage1to1!F13) -> 4.5355354 | C14: =(Stage4to1!K13+Stage3to1!K13+Stage2to1!K13+Stage1to1!K13+Stage4to2!K13+Stage3to2!K13+Stage2to2!K13)/(Stage4to1!G13+Stage3to1!G13+Stage2to1!G13+Stage1to1!G13+Stage4to2!G13+Stage3to2!G13+Stage2to2!G13) -> 2.8266546 | D14: =(Stage4to1!L13+Stage3to1!L13+Stage2to1!L13+Stage1to1!L13+Stage4to2!L13+Stage3to2!L13+Stage2to2!L13+Stage4to3!L13+Stage3to3!L13)/(Stage4to1!H13+Stage3to1!H13+Stage2to1!H13+Stage1to1!H13+Stage4to2!H13+Stage3to2!H13+Stage2to2!H13+Stage4to3!H13+Stage3to3!H13) -> 1.5755451 | E14: =(Stage4to1!M13+Stage3to1!M13+Stage2to1!M13+Stage1to1!M13+Stage4to2!M13+Stage3to2!M13+Stage2to2!M13+Stage4to3!M13+Stage3to3!M13+Stage4to4!M13)/(Stage4to1!I13+Stage3to1!I13+Stage2to1!I13+Stage1to1!I13+Stage4to2!I13+Stage3to2!I13+Stage2to2!I13+Stage4to3!I13+Stage3to3!I13+Stage4to4!I13) -> 0.47441486 | G14: 61 | H14: 12.369371 | I14: =ROUND(B14,1) -> 4.5 | J14: =ROUND(C14,1) -> 2.8 | K14: =ROUND(D14,1) -> 1.6 | L14: =ROUND(E14,1) -> 0.5 | N14: 61 | O14: =ROUND(H14,1) -> 12.4 | P14: =ROUND(I14,1) -> 4.5 | Q14: =ROUND(J14,1) -> 2.8 | R14: =ROUND(K14,1) -> 1.6 | S14: =ROUND(L14,1) -> 0.5
... A32: 79 | B32: =(Stage4to1!J31+Stage3to1!J31+Stage2to1!J31+Stage1to1!J31)/(Stage4to1!F31+Stage3to1!F31+Stage2to1!F31+Stage1to1!F31) -> 3.2852929 | C32: =(Stage4to1!K31+Stage3to1!K31+Stage2to1!K31+Stage1to1!K31+Stage4to2!K31+Stage3to2!K31+Stage2to2!K31)/(Stage4to1!G31+Stage3to1!G31+Stage2to1!G31+Stage1to1!G31+Stage4to2!G31+Stage3to2!G31+Stage2to2!G31) -> 2.0474032 | D32: =(Stage4to1!L31+Stage3to1!L31+Stage2to1!L31+Stage1to1!L31+Stage4to2!L31+Stage3to2!L31+Stage2to2!L31+Stage4to3!L31+Stage3to3!L31)/(Stage4to1!H31+Stage3to1!H31+Stage2to1!H31+Stage1to1!H31+Stage4to2!H31+Stage3to2!H31+Stage2to2!H31+Stage4to3!H31+Stage3to3!H31) -> 1.2108912 | E32: =(Stage4to1!M31+Stage3to1!M31+Stage2to1!M31+Stage1to1!M31+Stage4to2!M31+Stage3to2!M31+Stage2to2!M31+Stage4to3!M31+Stage3to3!M31+Stage4to4!M31)/(Stage4to1!I31+Stage3to1!I31+Stage2to1!I31+Stage1to1!I31+Stage4to2!I31+Stage3to2!I31+Stage2to2!I31+Stage4to3!I31+Stage3to3!I31+Stage4to4!I31) -> 0.31366231 | G32: 79 | H32: 5.8903982 | I32: =ROUND(B32,1) -> 3.3 | J32: =ROUND(C32,1) -> 2 | K32: =ROUND(D32,1) -> 1.2 | L32: =ROUND(E32,1) -> 0.3 | N32: 79 | O32: =ROUND(H32,1) -> 5.9 | P32: =ROUND(I32,1) -> 3.3 | Q32: =ROUND(J32,1) -> 2 | R32: =ROUND(K32,1) -> 1.2 | S32: =ROUND(L32,1) -> 0.3
